space story paso,,,space story tix,,,self destruct,,,loose end,,,rat boy holiday,,,rat boy hourlies 22,,,rat boy hourlies 23,,
01 PSO 001.png,https://drive.google.com/file/d/1GQcnUxfDhLfTn86w84WUNEtBdfQpMFVN/view?usp=drivesdk,https://drive.google.com/uc?export=view&id=1GQcnUxfDhLfTn86w84WUNEtBdfQpMFVN,02 TIX 001.png,https://drive.google.com/file/d/1KIm8hP_amG5vskXPRjdG_TfkaN7Yb-kU/view?usp=drivesdk,https://drive.google.com/uc?export=view&id=1KIm8hP_amG5vskXPRjdG_TfkaN7Yb-kU,Self Destruct 001.png,https://drive.google.com/file/d/1Wscd9TT2j0Oqfc1PjkStCMUKcNWQdeD0/view?usp=drivesdk,https://drive.google.com/uc?export=view&id=1Wscd9TT2j0Oqfc1PjkStCMUKcNWQdeD0,00 OCtober 01-03.png,https://drive.google.com/file/d/1hNqOBC28xOtltxs9vexXars8qO9N5qNs/view?usp=drivesdk,https://drive.google.com/uc?export=view&id=1hNqOBC28xOtltxs9vexXars8qO9N5qNs,menorca 01.png,https://drive.google.com/file/d/1vAvzK-E7iiCZXslSWr2g18jZSIyFQxwd/view?usp=drivesdk,https://drive.google.com/uc?export=view&id=1vAvzK-E7iiCZXslSWr2g18jZSIyFQxwd,hourlies 22 01.png,https://drive.google.com/file/d/1Ri0TlAsh5ijfA_w5KnstOf2R96E3x3Uy/view?usp=drivesdk,https://drive.google.com/uc?export=view&id=1Ri0TlAsh5ijfA_w5KnstOf2R96E3x3Uy,hourlies23-01.png,https://drive.google.com/file/d/11YzElxCl4SCjvcqmiEiIFToxYWI5L2LT/view?usp=drivesdk,https://drive.google.com/uc?export=view&id=11YzElxCl4SCjvcqmiEiIFToxYWI5L2LT
01 PSO 002.png,https://drive.google.com/file/d/1prUJgkfHEIN8XhiT3TPS-0PJCnH_8Xs-/view?usp=drivesdk,https://drive.google.com/uc?export=view&id=1prUJgkfHEIN8XhiT3TPS-0PJCnH_8Xs-,02 TIX 002.png,https://drive.google.com/file/d/1a559XTmpInGthDwk5FBCFDs-IgkfkYKw/view?usp=drivesdk,https://drive.google.com/uc?export=view&id=1a559XTmpInGthDwk5FBCFDs-IgkfkYKw,Self Destruct 002.png,https://drive.google.com/file/d/1rARcr_wQ8DMeNroqnXmwl0TmSqgn534_/view?usp=drivesdk,https://drive.google.com/uc?export=view&id=1rARcr_wQ8DMeNroqnXmwl0TmSqgn534_,00 OCtober 04-05.png,https://drive.google.com/file/d/1jRHQFDcM23uofwkb3t7RUoB-LsKggyV5/view?usp=drivesdk,https://drive.google.com/uc?export=view&id=1jRHQFDcM23uofwkb3t7RUoB-LsKggyV5,menorca 02.png,https://drive.google.com/file/d/1Cao-1_WTI-wtA8_NW9kXAZKXwcbeNu75/view?usp=drivesdk,https://drive.google.com/uc?export=view&id=1Cao-1_WTI-wtA8_NW9kXAZKXwcbeNu75,hourlies 22 02.png,https://drive.google.com/file/d/1k2-fdwRLBmxSvbDS52o1cZ5-Yo21j2Q5/view?usp=drivesdk,https://drive.google.com/uc?export=view&id=1k2-fdwRLBmxSvbDS52o1cZ5-Yo21j2Q5,hourlies23-02.png,https://drive.google.com/file/d/11fUQJVOgmqBmYwu0nNvV16SzQO8AQpGd/view?usp=drivesdk,https://drive.google.com/uc?export=view&id=11fUQJVOgmqBmYwu0nNvV16SzQO8AQpGd
01 PSO 003.png,https://drive.google.com/file/d/1c9vts0jGXGFskZl1UP9HakouMSHTRQBk/view?usp=drivesdk,https://drive.google.com/uc?export=view&id=1c9vts0jGXGFskZl1UP9HakouMSHTRQBk,02 TIX 003.png,https://drive.google.com/file/d/1gA7dGo2MwifrPDQl6WRjaP4KXmcbnuFz/view?usp=drivesdk,https://drive.google.com/uc?export=view&id=1gA7dGo2MwifrPDQl6WRjaP4KXmcbnuFz,Self Destruct 003.png,https://drive.google.com/file/d/1NcgIQH2bHLTfW6nWZhTQuXuyGOM61F88/view?usp=drivesdk,https://drive.google.com/uc?export=view&id=1NcgIQH2bHLTfW6nWZhTQuXuyGOM61F88,00 OCtober 06-07.png,https://drive.google.com/file/d/1i2hGraWkvFjVbLY9ArX2FF-McrcU_32I/view?usp=drivesdk,https://drive.google.com/uc?export=view&id=1i2hGraWkvFjVbLY9ArX2FF-McrcU_32I,menorca 03.png,https://drive.google.com/file/d/1vXfamIRVKEZmQBEnypJ1bkLxZTfVKqgP/view?usp=drivesdk,https://drive.google.com/uc?export=view&id=1vXfamIRVKEZmQBEnypJ1bkLxZTfVKqgP,hourlies 22 03.png,https://drive.google.com/file/d/1nxlObLZohQO9075nkcEpdvbQ2nH67IrL/view?usp=drivesdk,https://drive.google.com/uc?export=view&id=1nxlObLZohQO9075nkcEpdvbQ2nH67IrL,hourlies23-03.png,https://drive.google.com/file/d/11lKd8hCc8O39xewmaCfoaHKl3PRe7Ctd/view?usp=drivesdk,https://drive.google.com/uc?export=view&id=11lKd8hCc8O39xewmaCfoaHKl3PRe7Ctd
01 PSO 004.png,https://drive.google.com/file/d/18gSN_kWZDJAQ9MeoSpmC7ppGlGpxkMon/view?usp=drivesdk,https://drive.google.com/uc?export=view&id=18gSN_kWZDJAQ9MeoSpmC7ppGlGpxkMon,02 TIX 004.png,https://drive.google.com/file/d/1Rqg5oL5lEC7H5QizFEHYtdYLtiKiYmSS/view?usp=drivesdk,https://drive.google.com/uc?export=view&id=1Rqg5oL5lEC7H5QizFEHYtdYLtiKiYmSS,Self Destruct 004.png,https://drive.google.com/file/d/1Qy5tA7EMvFp1cX2W6_6Eebt3XDOwNVUC/view?usp=drivesdk,https://drive.google.com/uc?export=view&id=1Qy5tA7EMvFp1cX2W6_6Eebt3XDOwNVUC,00 OCtober 08-09.png,https://drive.google.com/file/d/1lXKXxSkzA27MNlCX21p1oveXGOuVO7cS/view?usp=drivesdk,https://drive.google.com/uc?export=view&id=1lXKXxSkzA27MNlCX21p1oveXGOuVO7cS,menorca 04.png,https://drive.google.com/file/d/16kv5016htViSQNn2-UrRkfAE6kwRzSs5/view?usp=drivesdk,https://drive.google.com/uc?export=view&id=16kv5016htViSQNn2-UrRkfAE6kwRzSs5,hourlies 22 04.png,https://drive.google.com/file/d/1Tl7YBJ70PKtkOq2QoTOGYZN7i-B-dxq3/view?usp=drivesdk,https://drive.google.com/uc?export=view&id=1Tl7YBJ70PKtkOq2QoTOGYZN7i-B-dxq3,hourlies23-04.png,https://drive.google.com/file/d/11nvNO-mOWhUg8yYRqURLNbqrK3dtX0mt/view?usp=drivesdk,https://drive.google.com/uc?export=view&id=11nvNO-mOWhUg8yYRqURLNbqrK3dtX0mt
01 PSO 005.png,https://drive.google.com/file/d/1-ClUa8-ZxkFLBgpd8NONjugK2iKisJ7L/view?usp=drivesdk,https://drive.google.com/uc?export=view&id=1-ClUa8-ZxkFLBgpd8NONjugK2iKisJ7L,02 TIX 005.png,https://drive.google.com/file/d/1Di7llKwGSCmiI0wCudhTxtzbg1LH1z9l/view?usp=drivesdk,https://drive.google.com/uc?export=view&id=1Di7llKwGSCmiI0wCudhTxtzbg1LH1z9l,Self Destruct 005.png,https://drive.google.com/file/d/1TzA8YsHc9XRZOvImMMSSDRHAg4tEQIyr/view?usp=drivesdk,https://drive.google.com/uc?export=view&id=1TzA8YsHc9XRZOvImMMSSDRHAg4tEQIyr,00 OCtober 10-11.png,https://drive.google.com/file/d/1e5Wz-ZU_YT58L8w093eXr3CjX1Ffa4ZC/view?usp=drivesdk,https://drive.google.com/uc?export=view&id=1e5Wz-ZU_YT58L8w093eXr3CjX1Ffa4ZC,menorca 05.png,https://drive.google.com/file/d/18zmBxTbzLUBsMOt5s1gSdMRkvoVK5GbQ/view?usp=drivesdk,https://drive.google.com/uc?export=view&id=18zmBxTbzLUBsMOt5s1gSdMRkvoVK5GbQ,hourlies 22 05.png,https://drive.google.com/file/d/1uTFzWk_kKd99oBzb0Iz9aAAThZRcWGSO/view?usp=drivesdk,https://drive.google.com/uc?export=view&id=1uTFzWk_kKd99oBzb0Iz9aAAThZRcWGSO,hourlies23-05.png,https://drive.google.com/file/d/11vXQ37sPAS3-2p9ZmGtKGYU2zcWCu8oc/view?usp=drivesdk,https://drive.google.com/uc?export=view&id=11vXQ37sPAS3-2p9ZmGtKGYU2zcWCu8oc
01 PSO 006.png,https://drive.google.com/file/d/1i9BNlQnF-TDqIWuYoY_GW21s4Uu2yILA/view?usp=drivesdk,https://drive.google.com/uc?export=view&id=1i9BNlQnF-TDqIWuYoY_GW21s4Uu2yILA,02 TIX 006.png,https://drive.google.com/file/d/1PF3--Gdrvrl93gDE_yHqZFQf6KisUsmS/view?usp=drivesdk,https://drive.google.com/uc?export=view&id=1PF3--Gdrvrl93gDE_yHqZFQf6KisUsmS,Self Destruct 006.png,https://drive.google.com/file/d/1syfIRIR7oAHEFwCTmxoiiTwFPkWK7qwK/view?usp=drivesdk,https://drive.google.com/uc?export=view&id=1syfIRIR7oAHEFwCTmxoiiTwFPkWK7qwK,00 OCtober 12-13.png,https://drive.google.com/file/d/1_CWnERZslQNmYqnlmj5LOLJruHg_92TJ/view?usp=drivesdk,https://drive.google.com/uc?export=view&id=1_CWnERZslQNmYqnlmj5LOLJruHg_92TJ,menorca 06.png,https://drive.google.com/file/d/1cgH5j7ZqVap2ReZr5tSYRFqfcm5qUuMK/view?usp=drivesdk,https://drive.google.com/uc?export=view&id=1cgH5j7ZqVap2ReZr5tSYRFqfcm5qUuMK,hourlies 22 06.png,https://drive.google.com/file/d/1yghAIG2CYDhilGNrSIPVDnXAtCr2eK-D/view?usp=drivesdk,https://drive.google.com/uc?export=view&id=1yghAIG2CYDhilGNrSIPVDnXAtCr2eK-D,hourlies23-06.png,https://drive.google.com/file/d/11xvGrC79vr3F2nU6hEmDEh9ZkcHnDPZe/view?usp=drivesdk,https://drive.google.com/uc?export=view&id=11xvGrC79vr3F2nU6hEmDEh9ZkcHnDPZe
01 PSO 007.png,https://drive.google.com/file/d/1JND9vppa8R9GpjkqfVZ2T4KK1UWO2AmZ/view?usp=drivesdk,https://drive.google.com/uc?export=view&id=1JND9vppa8R9GpjkqfVZ2T4KK1UWO2AmZ,02 TIX 007.png,https://drive.google.com/file/d/1fs7TLjfQcnYspNCUmLNBnwAH_yQmgL7h/view?usp=drivesdk,https://drive.google.com/uc?export=view&id=1fs7TLjfQcnYspNCUmLNBnwAH_yQmgL7h,Self Destruct 007.png,https://drive.google.com/file/d/1YMUVuo3xtGzjq44AhBEHOOi4FyBmcU7c/view?usp=drivesdk,https://drive.google.com/uc?export=view&id=1YMUVuo3xtGzjq44AhBEHOOi4FyBmcU7c,00 OCtober 14-15.png,https://drive.google.com/file/d/1QdszOvYRKro4WZ0VtJFiqtDrb68kP_R3/view?usp=drivesdk,https://drive.google.com/uc?export=view&id=1QdszOvYRKro4WZ0VtJFiqtDrb68kP_R3,menorca 07.png,https://drive.google.com/file/d/1thTsgwlJKxFjNdmA7omsVyDz9A9fr0MN/view?usp=drivesdk,https://drive.google.com/uc?export=view&id=1thTsgwlJKxFjNdmA7omsVyDz9A9fr0MN,hourlies 22 07.png,https://drive.google.com/file/d/1_zVfPub9wOuOqEIwCu3N7d_L0ey9AIOe/view?usp=drivesdk,https://drive.google.com/uc?export=view&id=1_zVfPub9wOuOqEIwCu3N7d_L0ey9AIOe,hourlies23-07.png,https://drive.google.com/file/d/11y9yNlQ-IOI_yMPiJbhbNe4idqdw0VxI/view?usp=drivesdk,https://drive.google.com/uc?export=view&id=11y9yNlQ-IOI_yMPiJbhbNe4idqdw0VxI
01 PSO 008.png,https://drive.google.com/file/d/1RF8cz8A6R8lFnGZUGlm-qfSBVoiYDJLP/view?usp=drivesdk,https://drive.google.com/uc?export=view&id=1RF8cz8A6R8lFnGZUGlm-qfSBVoiYDJLP,02 TIX 008.png,https://drive.google.com/file/d/1WN-iaACXzhyY-v4YLBVP0c88FCZoWTYX/view?usp=drivesdk,https://drive.google.com/uc?export=view&id=1WN-iaACXzhyY-v4YLBVP0c88FCZoWTYX,Self Destruct 008.png,https://drive.google.com/file/d/1xkMQt-lMDJq-GQkFlr71Q4bTTBvoG8sq/view?usp=drivesdk,https://drive.google.com/uc?export=view&id=1xkMQt-lMDJq-GQkFlr71Q4bTTBvoG8sq,00 OCtober 16-17.png,https://drive.google.com/file/d/1eYE_Pre4J49SzQfo7KslSQ1a9sLYclsv/view?usp=drivesdk,https://drive.google.com/uc?export=view&id=1eYE_Pre4J49SzQfo7KslSQ1a9sLYclsv,menorca 08.png,https://drive.google.com/file/d/1Kf9iRyt9OFuSE7SnzpXs8zuBI9rirZeR/view?usp=drivesdk,https://drive.google.com/uc?export=view&id=1Kf9iRyt9OFuSE7SnzpXs8zuBI9rirZeR,hourlies 22 08.png,https://drive.google.com/file/d/1-PML72h_76kTlzzatsMN8rinXsmOKtPv/view?usp=drivesdk,https://drive.google.com/uc?export=view&id=1-PML72h_76kTlzzatsMN8rinXsmOKtPv,hourlies23-08.png,https://drive.google.com/file/d/12-dsznGdbU3UUD-SJ13gDX9fnxr2hy5s/view?usp=drivesdk,https://drive.google.com/uc?export=view&id=12-dsznGdbU3UUD-SJ13gDX9fnxr2hy5s
01 PSO 009.png,https://drive.google.com/file/d/1bAFGfivrRhoS_O4m67Q95dQloltF9pTr/view?usp=drivesdk,https://drive.google.com/uc?export=view&id=1bAFGfivrRhoS_O4m67Q95dQloltF9pTr,02 TIX 009.png,https://drive.google.com/file/d/1tf9q3MjM-uEFRt4SUybc1V2-QW8E5uQ_/view?usp=drivesdk,https://drive.google.com/uc?export=view&id=1tf9q3MjM-uEFRt4SUybc1V2-QW8E5uQ_,Self Destruct 009.png,https://drive.google.com/file/d/1bauHOdR_na9JP5z3spPePnjTXs5pBr-6/view?usp=drivesdk,https://drive.google.com/uc?export=view&id=1bauHOdR_na9JP5z3spPePnjTXs5pBr-6,00 OCtober 18-19.png,https://drive.google.com/file/d/1oeD11waDklngG5eZI4QzFvukyeHw7C4T/view?usp=drivesdk,https://drive.google.com/uc?export=view&id=1oeD11waDklngG5eZI4QzFvukyeHw7C4T,menorca 09.png,https://drive.google.com/file/d/1I2-VpQb1mxeLMa7JJ48IXR6BLx-S5Xho/view?usp=drivesdk,https://drive.google.com/uc?export=view&id=1I2-VpQb1mxeLMa7JJ48IXR6BLx-S5Xho,hourlies 22 09.png,https://drive.google.com/file/d/1akH_4llx7us90dCEx9dgPR8hN_ipRbxc/view?usp=drivesdk,https://drive.google.com/uc?export=view&id=1akH_4llx7us90dCEx9dgPR8hN_ipRbxc,,,
01 PSO 010.png,https://drive.google.com/file/d/11k-PSabv93yMpwByJx2mIZBXOwi06uMa/view?usp=drivesdk,https://drive.google.com/uc?export=view&id=11k-PSabv93yMpwByJx2mIZBXOwi06uMa,02 TIX 010.png,https://drive.google.com/file/d/1uZavx9G8eKcIxSIOQWcDqQO0s4oDsqOk/view?usp=drivesdk,https://drive.google.com/uc?export=view&id=1uZavx9G8eKcIxSIOQWcDqQO0s4oDsqOk,Self Destruct 010.png,https://drive.google.com/file/d/1Ns0g-QdjBSvBjZX6x-CjcBPahOb1iuYH/view?usp=drivesdk,https://drive.google.com/uc?export=view&id=1Ns0g-QdjBSvBjZX6x-CjcBPahOb1iuYH,00 OCtober 20.png,https://drive.google.com/file/d/1YFa01XW1NYTlWuRJj6QLTU9VscE9ihL4/view?usp=drivesdk,https://drive.google.com/uc?export=view&id=1YFa01XW1NYTlWuRJj6QLTU9VscE9ihL4,menorca 10.png,https://drive.google.com/file/d/1Xx8jUiWz5MVHHxugW_LviK51LHknHlzr/view?usp=drivesdk,https://drive.google.com/uc?export=view&id=1Xx8jUiWz5MVHHxugW_LviK51LHknHlzr,hourlies 22 10.png,https://drive.google.com/file/d/1FDwPeXubtmtjTX09SzhU2K2EpboPWoQx/view?usp=drivesdk,https://drive.google.com/uc?export=view&id=1FDwPeXubtmtjTX09SzhU2K2EpboPWoQx,,,
01 PSO 011.png,https://drive.google.com/file/d/10RyToPs9Upksrv9JkFF5ne24cLSMbo5d/view?usp=drivesdk,https://drive.google.com/uc?export=view&id=10RyToPs9Upksrv9JkFF5ne24cLSMbo5d,02 TIX 011.png,https://drive.google.com/file/d/1nL8-xW0QBkQWZ37XzKqlUAI3RxGnczzu/view?usp=drivesdk,https://drive.google.com/uc?export=view&id=1nL8-xW0QBkQWZ37XzKqlUAI3RxGnczzu,Self Destruct 011.png,https://drive.google.com/file/d/1EMBN01vLYZ0SEX8i6teFCQFS4mvoDxD7/view?usp=drivesdk,https://drive.google.com/uc?export=view&id=1EMBN01vLYZ0SEX8i6teFCQFS4mvoDxD7,00 OCtober 21-22.png,https://drive.google.com/file/d/1gxtXxe2_LdWF3kaNBQ9HHstsHmcr24fm/view?usp=drivesdk,https://drive.google.com/uc?export=view&id=1gxtXxe2_LdWF3kaNBQ9HHstsHmcr24fm,menorca 11.png,https://drive.google.com/file/d/1arT51T8qy1vzLJbZFWBBei_PwBiyHxhu/view?usp=drivesdk,https://drive.google.com/uc?export=view&id=1arT51T8qy1vzLJbZFWBBei_PwBiyHxhu,hourlies 22 11.png,https://drive.google.com/file/d/1kvBxFucUYgwX7K5F5E62yjOJM0LoSaP4/view?usp=drivesdk,https://drive.google.com/uc?export=view&id=1kvBxFucUYgwX7K5F5E62yjOJM0LoSaP4,,,
01 PSO 012.png,https://drive.google.com/file/d/1PeKJcmAN-_-cmzdTLwa0wVObeuIik0XP/view?usp=drivesdk,https://drive.google.com/uc?export=view&id=1PeKJcmAN-_-cmzdTLwa0wVObeuIik0XP,02 TIX 012.png,https://drive.google.com/file/d/1ba7av7Y6HypHn4mC7YKrdQ-LmWQi8MdB/view?usp=drivesdk,https://drive.google.com/uc?export=view&id=1ba7av7Y6HypHn4mC7YKrdQ-LmWQi8MdB,Self Destruct 012.png,https://drive.google.com/file/d/1BLin_aLRdb8OMI-A2jrMjVMgurSxrSKO/view?usp=drivesdk,https://drive.google.com/uc?export=view&id=1BLin_aLRdb8OMI-A2jrMjVMgurSxrSKO,00 OCtober 23-24.png,https://drive.google.com/file/d/1yDsOas_T7jyBLB2r4StFbZML1fhZ9k1H/view?usp=drivesdk,https://drive.google.com/uc?export=view&id=1yDsOas_T7jyBLB2r4StFbZML1fhZ9k1H,menorca 12.png,https://drive.google.com/file/d/1uw6atiAH5D698OhzqHb7QY_o4lCv-eCI/view?usp=drivesdk,https://drive.google.com/uc?export=view&id=1uw6atiAH5D698OhzqHb7QY_o4lCv-eCI,hourlies 22 12.png,https://drive.google.com/file/d/19o87Vltp2kdwk13zuZsLasEFfkdAIJIx/view?usp=drivesdk,https://drive.google.com/uc?export=view&id=19o87Vltp2kdwk13zuZsLasEFfkdAIJIx,,,
01 PSO 013.png,https://drive.google.com/file/d/1mbrR9-aAab10MwP8s8YMfOYxWxwy1Xb-/view?usp=drivesdk,https://drive.google.com/uc?export=view&id=1mbrR9-aAab10MwP8s8YMfOYxWxwy1Xb-,02 TIX 013.png,https://drive.google.com/file/d/1TEooqUcpII9FuBEpZYe9NM_1Jg9FUtDz/view?usp=drivesdk,https://drive.google.com/uc?export=view&id=1TEooqUcpII9FuBEpZYe9NM_1Jg9FUtDz,Self Destruct 013.png,https://drive.google.com/file/d/1PVem_eEbZKL39aQhW1Tpar2gSAdAumPw/view?usp=drivesdk,https://drive.google.com/uc?export=view&id=1PVem_eEbZKL39aQhW1Tpar2gSAdAumPw,00 OCtober 25.png,https://drive.google.com/file/d/1LsUBJWlPilM47QJqbompcYn-LfN-rsdU/view?usp=drivesdk,https://drive.google.com/uc?export=view&id=1LsUBJWlPilM47QJqbompcYn-LfN-rsdU,menorca 13.png,https://drive.google.com/file/d/1HDbNo7ikgTMfQlRqA5tZ4JmalgfvbR0V/view?usp=drivesdk,https://drive.google.com/uc?export=view&id=1HDbNo7ikgTMfQlRqA5tZ4JmalgfvbR0V,hourlies 22 13.png,https://drive.google.com/file/d/1rh2EvcCPkJFsQtBwofd36_wk07KJTzLO/view?usp=drivesdk,https://drive.google.com/uc?export=view&id=1rh2EvcCPkJFsQtBwofd36_wk07KJTzLO,,,
01 PSO 014.png,https://drive.google.com/file/d/1LxmGdM_lblQBMFRwK28zEujw6Js6QutP/view?usp=drivesdk,https://drive.google.com/uc?export=view&id=1LxmGdM_lblQBMFRwK28zEujw6Js6QutP,02 TIX 014.png,https://drive.google.com/file/d/1l372i1FEHKVSHzd2hZ8So9PzDB1EvydC/view?usp=drivesdk,https://drive.google.com/uc?export=view&id=1l372i1FEHKVSHzd2hZ8So9PzDB1EvydC,Self Destruct 014.png,https://drive.google.com/file/d/1hmXXt6LD5RhNSNi9d3KgT4hHP8kbXJ8J/view?usp=drivesdk,https://drive.google.com/uc?export=view&id=1hmXXt6LD5RhNSNi9d3KgT4hHP8kbXJ8J,00 OCtober 26.png,https://drive.google.com/file/d/1b7bNPNslkfgqU9kotsypW3RCnPYL11uS/view?usp=drivesdk,https://drive.google.com/uc?export=view&id=1b7bNPNslkfgqU9kotsypW3RCnPYL11uS,menorca 14.png,https://drive.google.com/file/d/1jce1eZOtcS-Sp03_GVP_93ZJAQgW6q90/view?usp=drivesdk,https://drive.google.com/uc?export=view&id=1jce1eZOtcS-Sp03_GVP_93ZJAQgW6q90,hourlies 22 14.png,https://drive.google.com/file/d/1Eu3WsHdLe9xiPQW7MLZaq0ch22eCOWA7/view?usp=drivesdk,https://drive.google.com/uc?export=view&id=1Eu3WsHdLe9xiPQW7MLZaq0ch22eCOWA7,,,
01 PSO 015.png,https://drive.google.com/file/d/1XwS6w6PACH9bzls7Kz223wvUISMjorni/view?usp=drivesdk,https://drive.google.com/uc?export=view&id=1XwS6w6PACH9bzls7Kz223wvUISMjorni,02 TIX 015.png,https://drive.google.com/file/d/1SqAIrSqPJj2mQotH6r-VS_l2YikfhPgN/view?usp=drivesdk,https://drive.google.com/uc?export=view&id=1SqAIrSqPJj2mQotH6r-VS_l2YikfhPgN,Self Destruct 015.png,https://drive.google.com/file/d/1IfQjplsoyu_F6iZsjDS3piSIVkUlHgKk/view?usp=drivesdk,https://drive.google.com/uc?export=view&id=1IfQjplsoyu_F6iZsjDS3piSIVkUlHgKk,00 OCtober 27.png,https://drive.google.com/file/d/1V_-OPM99n3toWUB1PEhMJU3glt2aTzVF/view?usp=drivesdk,https://drive.google.com/uc?export=view&id=1V_-OPM99n3toWUB1PEhMJU3glt2aTzVF,menorca 15.png,https://drive.google.com/file/d/1xgNt_VM7NM2k4c4kIfPUvuXKARNllHWF/view?usp=drivesdk,https://drive.google.com/uc?export=view&id=1xgNt_VM7NM2k4c4kIfPUvuXKARNllHWF,,,,,,
01 PSO 016.png,https://drive.google.com/file/d/12krKbiK9ilj-Ri2S_6wUfNXLOYzIwXhR/view?usp=drivesdk,https://drive.google.com/uc?export=view&id=12krKbiK9ilj-Ri2S_6wUfNXLOYzIwXhR,02 TIX 016.png,https://drive.google.com/file/d/1hoZIv7WRtG90OiHRNGnDS0O_YkrIztIq/view?usp=drivesdk,https://drive.google.com/uc?export=view&id=1hoZIv7WRtG90OiHRNGnDS0O_YkrIztIq,Self Destruct 016.png,https://drive.google.com/file/d/10kZAlsYLLSXhE-NGjzb5EANCHRAJlWpG/view?usp=drivesdk,https://drive.google.com/uc?export=view&id=10kZAlsYLLSXhE-NGjzb5EANCHRAJlWpG,00 OCtober 28.png,https://drive.google.com/file/d/1-2XVwreNVcw269v2OBJZbLxUfrgMRqbC/view?usp=drivesdk,https://drive.google.com/uc?export=view&id=1-2XVwreNVcw269v2OBJZbLxUfrgMRqbC,menorca 16.png,https://drive.google.com/file/d/1UimdK7G26in280xaXRukVL-sNo9cS27G/view?usp=drivesdk,https://drive.google.com/uc?export=view&id=1UimdK7G26in280xaXRukVL-sNo9cS27G,,,,,,
01 PSO 017.png,https://drive.google.com/file/d/1FhMdTYiN6OYf9s9YEhfCNZ0yS-Hye-z3/view?usp=drivesdk,https://drive.google.com/uc?export=view&id=1FhMdTYiN6OYf9s9YEhfCNZ0yS-Hye-z3,02 TIX 017.png,https://drive.google.com/file/d/1rs0SblMjoalfdlnEoXCdtnUBfx2rN_WC/view?usp=drivesdk,https://drive.google.com/uc?export=view&id=1rs0SblMjoalfdlnEoXCdtnUBfx2rN_WC,Self Destruct 017.png,https://drive.google.com/file/d/1o7OBzxZYqepJYP5RP3cRHc6IQL6lsTzQ/view?usp=drivesdk,https://drive.google.com/uc?export=view&id=1o7OBzxZYqepJYP5RP3cRHc6IQL6lsTzQ,00 OCtober 29.png,https://drive.google.com/file/d/1-TFUkMyDgsN7ZZLqfLfMSY9Jjb0j9HaS/view?usp=drivesdk,https://drive.google.com/uc?export=view&id=1-TFUkMyDgsN7ZZLqfLfMSY9Jjb0j9HaS,menorca 17.png,https://drive.google.com/file/d/1xNue70SS-DEe3THPaakx_qP3y_8a2Wy5/view?usp=drivesdk,https://drive.google.com/uc?export=view&id=1xNue70SS-DEe3THPaakx_qP3y_8a2Wy5,,,,,,
01 PSO 018.png,https://drive.google.com/file/d/1icnduV4-ah_cgyOQJpNdD8AWCSzQza-7/view?usp=drivesdk,https://drive.google.com/uc?export=view&id=1icnduV4-ah_cgyOQJpNdD8AWCSzQza-7,02 TIX 018.png,https://drive.google.com/file/d/1x2QSpXHxGmPF0eXifCIvze0PMKcuJYFT/view?usp=drivesdk,https://drive.google.com/uc?export=view&id=1x2QSpXHxGmPF0eXifCIvze0PMKcuJYFT,Self Destruct 018.png,https://drive.google.com/file/d/16mkO9i9bTcakV1faIO4LKIQkGpCiwFqG/view?usp=drivesdk,https://drive.google.com/uc?export=view&id=16mkO9i9bTcakV1faIO4LKIQkGpCiwFqG,00 OCtober 30.png,https://drive.google.com/file/d/1-aU15aZLPzY_m5FTzkvbpMK3qxpuiH1M/view?usp=drivesdk,https://drive.google.com/uc?export=view&id=1-aU15aZLPzY_m5FTzkvbpMK3qxpuiH1M,menorca 18.png,https://drive.google.com/file/d/1qdrQBs2jzzDNZcJmSlsshtIoYyxjMEci/view?usp=drivesdk,https://drive.google.com/uc?export=view&id=1qdrQBs2jzzDNZcJmSlsshtIoYyxjMEci,,,,,,
01 PSO 019.png,https://drive.google.com/file/d/1hY3Czqq8HD-z1CZkpuUY5bfDf3hR8Seh/view?usp=drivesdk,https://drive.google.com/uc?export=view&id=1hY3Czqq8HD-z1CZkpuUY5bfDf3hR8Seh,02 TIX 019.png,https://drive.google.com/file/d/1fSDEs1T77s_mtdKSKZbcd_AVp7z4v_Bk/view?usp=drivesdk,https://drive.google.com/uc?export=view&id=1fSDEs1T77s_mtdKSKZbcd_AVp7z4v_Bk,Self Destruct 019.png,https://drive.google.com/file/d/1rH-djEZN3ggZoHw8pPED1BtDsm8mu1dX/view?usp=drivesdk,https://drive.google.com/uc?export=view&id=1rH-djEZN3ggZoHw8pPED1BtDsm8mu1dX,00 OCtober 31.png,https://drive.google.com/file/d/1-uyJOSS-Ty_81uQNpUr2Bg8GNTPP_UtR/view?usp=drivesdk,https://drive.google.com/uc?export=view&id=1-uyJOSS-Ty_81uQNpUr2Bg8GNTPP_UtR,menorca 19.png,https://drive.google.com/file/d/1xj76ULZsZdoMGnZsv5Og300fjM3pv6K0/view?usp=drivesdk,https://drive.google.com/uc?export=view&id=1xj76ULZsZdoMGnZsv5Og300fjM3pv6K0,,,,,,
01 PSO 020.png,https://drive.google.com/file/d/18bpZa1bjR0L2N5MCDHbetDLDBYwP-9ZZ/view?usp=drivesdk,https://drive.google.com/uc?export=view&id=18bpZa1bjR0L2N5MCDHbetDLDBYwP-9ZZ,02 TIX 020.png,https://drive.google.com/file/d/1awNxLRUZ9WOadbMdUxeL_UfAxFJdzdmQ/view?usp=drivesdk,https://drive.google.com/uc?export=view&id=1awNxLRUZ9WOadbMdUxeL_UfAxFJdzdmQ,Self Destruct 020.png,https://drive.google.com/file/d/1eFiSJkR6ldTll8jHDzmBcLkYb2dmogCu/view?usp=drivesdk,https://drive.google.com/uc?export=view&id=1eFiSJkR6ldTll8jHDzmBcLkYb2dmogCu,00 OCtober 32.png,https://drive.google.com/file/d/1-y9SZAUqOPCtmtdZAxa3TENF0v2ej7BI/view?usp=drivesdk,https://drive.google.com/uc?export=view&id=1-y9SZAUqOPCtmtdZAxa3TENF0v2ej7BI,menorca 20.png,https://drive.google.com/file/d/1zR54DHZvpE3NS5F7asOyxJ9iKGVKHjtC/view?usp=drivesdk,https://drive.google.com/uc?export=view&id=1zR54DHZvpE3NS5F7asOyxJ9iKGVKHjtC,,,,,,
01 PSO 021.png,https://drive.google.com/file/d/1Nc0xL8getBsNeLO_XzNQsgR1meGO3k6T/view?usp=drivesdk,https://drive.google.com/uc?export=view&id=1Nc0xL8getBsNeLO_XzNQsgR1meGO3k6T,02 TIX 021.png,https://drive.google.com/file/d/1Ujid80CPSsZ72aGsmLb6TDYepNU4__EO/view?usp=drivesdk,https://drive.google.com/uc?export=view&id=1Ujid80CPSsZ72aGsmLb6TDYepNU4__EO,Self Destruct 021.png,https://drive.google.com/file/d/1Z1iOLiUjAC6Oa1R-9xgtNl40USK73Cwo/view?usp=drivesdk,https://drive.google.com/uc?export=view&id=1Z1iOLiUjAC6Oa1R-9xgtNl40USK73Cwo,00 OCtober 33.png,https://drive.google.com/file/d/101ouQooYvUYo4ta6zBy_orgSb6KEI0Pu/view?usp=drivesdk,https://drive.google.com/uc?export=view&id=101ouQooYvUYo4ta6zBy_orgSb6KEI0Pu,menorca 21.png,https://drive.google.com/file/d/1ryyoOYVcGwrSQbbPCo17R0XzKuU2KCW1/view?usp=drivesdk,https://drive.google.com/uc?export=view&id=1ryyoOYVcGwrSQbbPCo17R0XzKuU2KCW1,,,,,,
01 PSO 022.png,https://drive.google.com/file/d/10g7BSvsAqsQlObqe7APCZ-HbDD7KoLYq/view?usp=drivesdk,https://drive.google.com/uc?export=view&id=10g7BSvsAqsQlObqe7APCZ-HbDD7KoLYq,02 TIX 022.png,https://drive.google.com/file/d/1KQNAKATAkkiCHmQPykq0mNm6Vjz-Bz6K/view?usp=drivesdk,https://drive.google.com/uc?export=view&id=1KQNAKATAkkiCHmQPykq0mNm6Vjz-Bz6K,Self Destruct 022.png,https://drive.google.com/file/d/1-xomDVQHRxoThcLRXDgFSsei1M4cGnPS/view?usp=drivesdk,https://drive.google.com/uc?export=view&id=1-xomDVQHRxoThcLRXDgFSsei1M4cGnPS,00 OCtober 34.png,https://drive.google.com/file/d/10NKceZ_EePwS1M6GR6ju9_bHbCmGcjh4/view?usp=drivesdk,https://drive.google.com/uc?export=view&id=10NKceZ_EePwS1M6GR6ju9_bHbCmGcjh4,menorca 22.png,https://drive.google.com/file/d/1ixdL0PcoTgqMuht7lO7N-2Vh1Ow062Te/view?usp=drivesdk,https://drive.google.com/uc?export=view&id=1ixdL0PcoTgqMuht7lO7N-2Vh1Ow062Te,,,,,,
01 PSO 023.png,https://drive.google.com/file/d/1g1h5O3igqFPkcQWN7LdfjzwEuqjx9Jid/view?usp=drivesdk,https://drive.google.com/uc?export=view&id=1g1h5O3igqFPkcQWN7LdfjzwEuqjx9Jid,02 TIX 023.png,https://drive.google.com/file/d/1nahtN8xR8pqMym-lovosQtsyZ_527taZ/view?usp=drivesdk,https://drive.google.com/uc?export=view&id=1nahtN8xR8pqMym-lovosQtsyZ_527taZ,Self Destruct 023.png,https://drive.google.com/file/d/1ND8obKkPZxh1wH4Dzwa6FN6f425I587r/view?usp=drivesdk,https://drive.google.com/uc?export=view&id=1ND8obKkPZxh1wH4Dzwa6FN6f425I587r,00 OCtober 35.png,https://drive.google.com/file/d/10OL1apjM2crN0evvIg-p6maOaRMhgzd8/view?usp=drivesdk,https://drive.google.com/uc?export=view&id=10OL1apjM2crN0evvIg-p6maOaRMhgzd8,menorca 23.png,https://drive.google.com/file/d/1kCOBNYqIfpNYLufDKdJUQcRqcdRnKype/view?usp=drivesdk,https://drive.google.com/uc?export=view&id=1kCOBNYqIfpNYLufDKdJUQcRqcdRnKype,,,,,,
01 PSO 024.png,https://drive.google.com/file/d/1u37oBkTLN4sEt6No6s0148SgXwxZF2M2/view?usp=drivesdk,https://drive.google.com/uc?export=view&id=1u37oBkTLN4sEt6No6s0148SgXwxZF2M2,02 TIX 024.png,https://drive.google.com/file/d/1iJsilECHXf_ASWYJer3WW-ViFtTqptdm/view?usp=drivesdk,https://drive.google.com/uc?export=view&id=1iJsilECHXf_ASWYJer3WW-ViFtTqptdm,Self Destruct 024.png,https://drive.google.com/file/d/1_tdASadhqJtIqgOhWIYxtPIh_9EuFNyS/view?usp=drivesdk,https://drive.google.com/uc?export=view&id=1_tdASadhqJtIqgOhWIYxtPIh_9EuFNyS,00 OCtober 36.png,https://drive.google.com/file/d/10_YUYRi2xWbS15HPPyLfG1hwpw-o8U5A/view?usp=drivesdk,https://drive.google.com/uc?export=view&id=10_YUYRi2xWbS15HPPyLfG1hwpw-o8U5A,menorca 24.png,https://drive.google.com/file/d/14gorZoHvh2WjtTeNOJBUK2YpKJyf1Lf9/view?usp=drivesdk,https://drive.google.com/uc?export=view&id=14gorZoHvh2WjtTeNOJBUK2YpKJyf1Lf9,,,,,,
01 PSO 025.png,https://drive.google.com/file/d/18hVpbvnRsWu-21m7mBQAtr6BZP3nICXw/view?usp=drivesdk,https://drive.google.com/uc?export=view&id=18hVpbvnRsWu-21m7mBQAtr6BZP3nICXw,02 TIX 025.png,https://drive.google.com/file/d/1vwoQeb9MU4NJk0DTMMGeWlkr2IR1iui_/view?usp=drivesdk,https://drive.google.com/uc?export=view&id=1vwoQeb9MU4NJk0DTMMGeWlkr2IR1iui_,Self Destruct 025.png,https://drive.google.com/file/d/11VJC5W4aOGgVaIa5ROEbNpEsC_IWI2jt/view?usp=drivesdk,https://drive.google.com/uc?export=view&id=11VJC5W4aOGgVaIa5ROEbNpEsC_IWI2jt,00 OCtober 37.png,https://drive.google.com/file/d/10_dXoXIFLufCapGu84MhwfHMPyfgKnos/view?usp=drivesdk,https://drive.google.com/uc?export=view&id=10_dXoXIFLufCapGu84MhwfHMPyfgKnos,menorca 25.png,https://drive.google.com/file/d/19sPXQLUhD2utVIu9qWMr8yVscGidixuX/view?usp=drivesdk,https://drive.google.com/uc?export=view&id=19sPXQLUhD2utVIu9qWMr8yVscGidixuX,,,,,,
01 PSO 026.png,https://drive.google.com/file/d/1Ukkrt3NNmaL0j3T33zBMrUZw2Xa2wow_/view?usp=drivesdk,https://drive.google.com/uc?export=view&id=1Ukkrt3NNmaL0j3T33zBMrUZw2Xa2wow_,02 TIX 026.png,https://drive.google.com/file/d/1NVZqgt6YMGKXtRHzDk0lKeoq4G5rbxBP/view?usp=drivesdk,https://drive.google.com/uc?export=view&id=1NVZqgt6YMGKXtRHzDk0lKeoq4G5rbxBP,Self Destruct 026.png,https://drive.google.com/file/d/1OG3Lhy9dWhPQo_9i_fkL0UdrxVn8a0Vc/view?usp=drivesdk,https://drive.google.com/uc?export=view&id=1OG3Lhy9dWhPQo_9i_fkL0UdrxVn8a0Vc,00 OCtober 38.png,https://drive.google.com/file/d/10bUkiRflXWYQzuvYzER7ELi7XtDoxwRW/view?usp=drivesdk,https://drive.google.com/uc?export=view&id=10bUkiRflXWYQzuvYzER7ELi7XtDoxwRW,menorca 26.png,https://drive.google.com/file/d/11MDy_I9VvoQPOm4_fIH2wyUgPS87LgD7/view?usp=drivesdk,https://drive.google.com/uc?export=view&id=11MDy_I9VvoQPOm4_fIH2wyUgPS87LgD7,,,,,,
01 PSO 027.png,https://drive.google.com/file/d/1Z0wNvKdXFyS_mPQ2IPutxb8t8w3XoN3Q/view?usp=drivesdk,https://drive.google.com/uc?export=view&id=1Z0wNvKdXFyS_mPQ2IPutxb8t8w3XoN3Q,02 TIX 027.png,https://drive.google.com/file/d/1DSFGqFQMMA4y-fza9YkB5dlULvXUc-ee/view?usp=drivesdk,https://drive.google.com/uc?export=view&id=1DSFGqFQMMA4y-fza9YkB5dlULvXUc-ee,Self Destruct 027.png,https://drive.google.com/file/d/1S45m5WCrWhVDOyu-WIqsUAO0J9PAOb4Z/view?usp=drivesdk,https://drive.google.com/uc?export=view&id=1S45m5WCrWhVDOyu-WIqsUAO0J9PAOb4Z,00 OCtober 39.png,https://drive.google.com/file/d/10tBCRoCsYsGuGD8LzCX6CAHqmz14VO4A/view?usp=drivesdk,https://drive.google.com/uc?export=view&id=10tBCRoCsYsGuGD8LzCX6CAHqmz14VO4A,menorca 27.png,https://drive.google.com/file/d/1QJrcz78YGMsmNFC1I-PTf84t3bW-5T8A/view?usp=drivesdk,https://drive.google.com/uc?export=view&id=1QJrcz78YGMsmNFC1I-PTf84t3bW-5T8A,,,,,,
01 PSO 028.png,https://drive.google.com/file/d/13lv4RvycLtR0FKdc08Nd9jvS5eOmOxfh/view?usp=drivesdk,https://drive.google.com/uc?export=view&id=13lv4RvycLtR0FKdc08Nd9jvS5eOmOxfh,02 TIX 028.png,https://drive.google.com/file/d/1FAbAAw9_D27fllYOlwl5eiNygYGLFzuk/view?usp=drivesdk,https://drive.google.com/uc?export=view&id=1FAbAAw9_D27fllYOlwl5eiNygYGLFzuk,Self Destruct 028.png,https://drive.google.com/file/d/1Ei0BvAYsDYhHy0VeZ0lspUFlw-4GehpF/view?usp=drivesdk,https://drive.google.com/uc?export=view&id=1Ei0BvAYsDYhHy0VeZ0lspUFlw-4GehpF,00 OCtober 40.png,https://drive.google.com/file/d/10yAArJoW0EFB0yg7cLYboIbQJXC7FztC/view?usp=drivesdk,https://drive.google.com/uc?export=view&id=10yAArJoW0EFB0yg7cLYboIbQJXC7FztC,menorca 28.png,https://drive.google.com/file/d/1isZLsBVSKohp7t8AEb6TjMWi72pdMmVI/view?usp=drivesdk,https://drive.google.com/uc?export=view&id=1isZLsBVSKohp7t8AEb6TjMWi72pdMmVI,,,,,,
01 PSO 029.png,https://drive.google.com/file/d/1HgMmTAtbOUM2mUX01WjR0rrmSuiUpwFa/view?usp=drivesdk,https://drive.google.com/uc?export=view&id=1HgMmTAtbOUM2mUX01WjR0rrmSuiUpwFa,02 TIX 029.png,https://drive.google.com/file/d/1bCNiYwooeydqDZnUIRa2SqG5R-iSXkb-/view?usp=drivesdk,https://drive.google.com/uc?export=view&id=1bCNiYwooeydqDZnUIRa2SqG5R-iSXkb-,Self Destruct 029.png,https://drive.google.com/file/d/1dWOgm652KYzEEfpnQj4pMoxkiiOB6NI4/view?usp=drivesdk,https://drive.google.com/uc?export=view&id=1dWOgm652KYzEEfpnQj4pMoxkiiOB6NI4,00 OCtober 41.png,https://drive.google.com/file/d/110Yfl7WjvjGfDNActdANZwlfYDXOunW9/view?usp=drivesdk,https://drive.google.com/uc?export=view&id=110Yfl7WjvjGfDNActdANZwlfYDXOunW9,,,,,,,,,
01 PSO 030.png,https://drive.google.com/file/d/1dZ5smny4WOSHTRNJPZUyqIiZ_YGyqLTz/view?usp=drivesdk,https://drive.google.com/uc?export=view&id=1dZ5smny4WOSHTRNJPZUyqIiZ_YGyqLTz,02 TIX 030.png,https://drive.google.com/file/d/1PmczxEjhhOfgd-3VhGpyvKheAWtCv_MD/view?usp=drivesdk,https://drive.google.com/uc?export=view&id=1PmczxEjhhOfgd-3VhGpyvKheAWtCv_MD,Self Destruct 030.png,https://drive.google.com/file/d/17jpyu5o3h54r0brFpHnbDv05ZOHlIkzX/view?usp=drivesdk,https://drive.google.com/uc?export=view&id=17jpyu5o3h54r0brFpHnbDv05ZOHlIkzX,00 OCtober 42.png,https://drive.google.com/file/d/115y6UFbCMFyjHKB91xH-kPUuHAp8-D2r/view?usp=drivesdk,https://drive.google.com/uc?export=view&id=115y6UFbCMFyjHKB91xH-kPUuHAp8-D2r,,,,,,,,,
01 PSO 031.png,https://drive.google.com/file/d/1ruUjjbElOWcx0ml2dWN89_htE6TiFMqC/view?usp=drivesdk,https://drive.google.com/uc?export=view&id=1ruUjjbElOWcx0ml2dWN89_htE6TiFMqC,02 TIX 031.png,https://drive.google.com/file/d/1ZVVyYpx0FDxgU-_1-O4UdEV0tL1TpeVi/view?usp=drivesdk,https://drive.google.com/uc?export=view&id=1ZVVyYpx0FDxgU-_1-O4UdEV0tL1TpeVi,Self Destruct 031.png,https://drive.google.com/file/d/18eqXNibXa1FE9138uj9Lavm8qZQGVCON/view?usp=drivesdk,https://drive.google.com/uc?export=view&id=18eqXNibXa1FE9138uj9Lavm8qZQGVCON,00 OCtober 43.png,https://drive.google.com/file/d/116zijW4CGvCaCxRlvRKP1wThOAYfvzR-/view?usp=drivesdk,https://drive.google.com/uc?export=view&id=116zijW4CGvCaCxRlvRKP1wThOAYfvzR-,,,,,,,,,
01 PSO 032.png,https://drive.google.com/file/d/1MPMQLYElBuYCQmSlY5BOvWM3nJcNNVV1/view?usp=drivesdk,https://drive.google.com/uc?export=view&id=1MPMQLYElBuYCQmSlY5BOvWM3nJcNNVV1,02 TIX 032.png,https://drive.google.com/file/d/1shvwbUPkhDp_fng7usvkCVZw-UZqwc1t/view?usp=drivesdk,https://drive.google.com/uc?export=view&id=1shvwbUPkhDp_fng7usvkCVZw-UZqwc1t,Self Destruct 032.png,https://drive.google.com/file/d/1EqH28-i8Ec7nozrP2FS7VfAkMJIMHwcn/view?usp=drivesdk,https://drive.google.com/uc?export=view&id=1EqH28-i8Ec7nozrP2FS7VfAkMJIMHwcn,00 OCtober 44.png,https://drive.google.com/file/d/11Ajj_z1BLaNKowFNnKNPf0lu3Fy1i-af/view?usp=drivesdk,https://drive.google.com/uc?export=view&id=11Ajj_z1BLaNKowFNnKNPf0lu3Fy1i-af,,,,,,,,,
01 PSO 033.png,https://drive.google.com/file/d/1DToFDfJb6lhMJnZXOwwySomc-1tQ1l5I/view?usp=drivesdk,https://drive.google.com/uc?export=view&id=1DToFDfJb6lhMJnZXOwwySomc-1tQ1l5I,02 TIX 033.png,https://drive.google.com/file/d/1NhVJgd8EVHmX2_K868nsdXe-xoRoJmuX/view?usp=drivesdk,https://drive.google.com/uc?export=view&id=1NhVJgd8EVHmX2_K868nsdXe-xoRoJmuX,Self Destruct 033.png,https://drive.google.com/file/d/15oEvxQVPQerkbjqJ1E8ll2yPh1wUqDma/view?usp=drivesdk,https://drive.google.com/uc?export=view&id=15oEvxQVPQerkbjqJ1E8ll2yPh1wUqDma,00 OCtober 45.png,https://drive.google.com/file/d/11UM6Nt2MxnI7ywOlwjPg_XP1YuwvPw7j/view?usp=drivesdk,https://drive.google.com/uc?export=view&id=11UM6Nt2MxnI7ywOlwjPg_XP1YuwvPw7j,,,,,,,,,
01 PSO 034.png,https://drive.google.com/file/d/1TH-C2dJo2DUT7O1hWo3S61Y8NotetCic/view?usp=drivesdk,https://drive.google.com/uc?export=view&id=1TH-C2dJo2DUT7O1hWo3S61Y8NotetCic,02 TIX 034.png,https://drive.google.com/file/d/1yCfU745S_dDAnV4P68q106N0PKOQIjHe/view?usp=drivesdk,https://drive.google.com/uc?export=view&id=1yCfU745S_dDAnV4P68q106N0PKOQIjHe,Self Destruct 034.png,https://drive.google.com/file/d/1xtMlh5ECsmBuZ187t8XR5y5GdHvm0Wc_/view?usp=drivesdk,https://drive.google.com/uc?export=view&id=1xtMlh5ECsmBuZ187t8XR5y5GdHvm0Wc_,00 OCtober 46.png,https://drive.google.com/file/d/11VYXc2r4F94v6PUiEestyQTMKTpsTJak/view?usp=drivesdk,https://drive.google.com/uc?export=view&id=11VYXc2r4F94v6PUiEestyQTMKTpsTJak,,,,,,,,,
01 PSO 035.png,https://drive.google.com/file/d/1ix3hHv61ykiONWW7M6mYLNY-IkRUcZHs/view?usp=drivesdk,https://drive.google.com/uc?export=view&id=1ix3hHv61ykiONWW7M6mYLNY-IkRUcZHs,02 TIX 035.png,https://drive.google.com/file/d/11o7imObAlVFSfc3_xytmjAAYWQ5kb_0h/view?usp=drivesdk,https://drive.google.com/uc?export=view&id=11o7imObAlVFSfc3_xytmjAAYWQ5kb_0h,Self Destruct 035.png,https://drive.google.com/file/d/1hCa8kx3wWTQF5p3y-2xBfwXwZiJe9NwU/view?usp=drivesdk,https://drive.google.com/uc?export=view&id=1hCa8kx3wWTQF5p3y-2xBfwXwZiJe9NwU,00 OCtober 47.png,https://drive.google.com/file/d/12ei3FvlwBQCzthbVv2-ZwFlA30wDvVth/view?usp=drivesdk,https://drive.google.com/uc?export=view&id=12ei3FvlwBQCzthbVv2-ZwFlA30wDvVth,,,,,,,,,
01 PSO 036.png,https://drive.google.com/file/d/1xDPuiMsVFJW2jFgKQYOWTTQRjQuOQy0m/view?usp=drivesdk,https://drive.google.com/uc?export=view&id=1xDPuiMsVFJW2jFgKQYOWTTQRjQuOQy0m,02 TIX 036.png,https://drive.google.com/file/d/1DQxLw1B9uhQPij1b6IdCIKCJYPVxfqHE/view?usp=drivesdk,https://drive.google.com/uc?export=view&id=1DQxLw1B9uhQPij1b6IdCIKCJYPVxfqHE,Self Destruct 036.png,https://drive.google.com/file/d/1Bo8AgJ2Zuh5lwijRUDbrf9BN5dwPbQJ0/view?usp=drivesdk,https://drive.google.com/uc?export=view&id=1Bo8AgJ2Zuh5lwijRUDbrf9BN5dwPbQJ0,00 OCtober 48.png,https://drive.google.com/file/d/12mqi0SW86BdR9jQBU0PuF9vSoHzKsdm3/view?usp=drivesdk,https://drive.google.com/uc?export=view&id=12mqi0SW86BdR9jQBU0PuF9vSoHzKsdm3,,,,,,,,,
01 PSO 037.png,https://drive.google.com/file/d/1RiwM4hV7tbYyV4peXNvjoj9mrmZAJ3Px/view?usp=drivesdk,https://drive.google.com/uc?export=view&id=1RiwM4hV7tbYyV4peXNvjoj9mrmZAJ3Px,02 TIX 037.png,https://drive.google.com/file/d/19AWAmhXpU7lxOhGIDWVaLfFSvvKG6VRL/view?usp=drivesdk,https://drive.google.com/uc?export=view&id=19AWAmhXpU7lxOhGIDWVaLfFSvvKG6VRL,Self Destruct 037.png,https://drive.google.com/file/d/16VxBf57OcFuuJaL27Hrt4lWj4-bLL8lY/view?usp=drivesdk,https://drive.google.com/uc?export=view&id=16VxBf57OcFuuJaL27Hrt4lWj4-bLL8lY,00 OCtober 49.png,https://drive.google.com/file/d/12oYtSBYcI6TlVCuv18QMFbY7xLORU4bc/view?usp=drivesdk,https://drive.google.com/uc?export=view&id=12oYtSBYcI6TlVCuv18QMFbY7xLORU4bc,,,,,,,,,
01 PSO 038.png,https://drive.google.com/file/d/1FsVjzKh1h2MLA2yDW9yjv6jPDc6pxb-X/view?usp=drivesdk,https://drive.google.com/uc?export=view&id=1FsVjzKh1h2MLA2yDW9yjv6jPDc6pxb-X,02 TIX 038.png,https://drive.google.com/file/d/1rvj0zC8THhYhDCODGeFOptvMUlwwJ-r-/view?usp=drivesdk,https://drive.google.com/uc?export=view&id=1rvj0zC8THhYhDCODGeFOptvMUlwwJ-r-,Self Destruct 038.png,https://drive.google.com/file/d/1_wWWa7DYFSyaRPZtIWL2XTeoOeA1oyQ4/view?usp=drivesdk,https://drive.google.com/uc?export=view&id=1_wWWa7DYFSyaRPZtIWL2XTeoOeA1oyQ4,,,,,,,,,,,,
01 PSO 039.png,https://drive.google.com/file/d/1Qr6logpIKpVRJ4-fqdT0Z124z1vQf9bM/view?usp=drivesdk,https://drive.google.com/uc?export=view&id=1Qr6logpIKpVRJ4-fqdT0Z124z1vQf9bM,02 TIX 039.png,https://drive.google.com/file/d/11Qq__64yr9ymuw6mF9zhJFied_kW6QLx/view?usp=drivesdk,https://drive.google.com/uc?export=view&id=11Qq__64yr9ymuw6mF9zhJFied_kW6QLx,Self Destruct 039.png,https://drive.google.com/file/d/17cz7WBbtd0chm5UoFAAAOMucTGFxVKIF/view?usp=drivesdk,https://drive.google.com/uc?export=view&id=17cz7WBbtd0chm5UoFAAAOMucTGFxVKIF,,,,,,,,,,,,
01 PSO 040.png,https://drive.google.com/file/d/1vLnjUHyhTTz00X7noumNXDAqv2WNUXDO/view?usp=drivesdk,https://drive.google.com/uc?export=view&id=1vLnjUHyhTTz00X7noumNXDAqv2WNUXDO,02 TIX 040.png,https://drive.google.com/file/d/12zwLkPoiw1JxMgKEDTLqB5cYVDBWrlZD/view?usp=drivesdk,https://drive.google.com/uc?export=view&id=12zwLkPoiw1JxMgKEDTLqB5cYVDBWrlZD,Self Destruct 040.png,https://drive.google.com/file/d/1sMWpnIF7sCKfsSni0MskEdLUzhPZ8h3d/view?usp=drivesdk,https://drive.google.com/uc?export=view&id=1sMWpnIF7sCKfsSni0MskEdLUzhPZ8h3d,,,,,,,,,,,,
01 PSO 041.png,https://drive.google.com/file/d/1aODeXSzAMtAprtiiTz7ucRMWdhj3iuFN/view?usp=drivesdk,https://drive.google.com/uc?export=view&id=1aODeXSzAMtAprtiiTz7ucRMWdhj3iuFN,02 TIX 041.png,https://drive.google.com/file/d/1YyoxwJuE6v7kFi0DhW-KU1otuqoNZEgT/view?usp=drivesdk,https://drive.google.com/uc?export=view&id=1YyoxwJuE6v7kFi0DhW-KU1otuqoNZEgT,Self Destruct 041.png,https://drive.google.com/file/d/1OBkVDhSuKQIdoKYtZoyYSthIpt49sSlB/view?usp=drivesdk,https://drive.google.com/uc?export=view&id=1OBkVDhSuKQIdoKYtZoyYSthIpt49sSlB,,,,,,,,,,,,
01 PSO 042.png,https://drive.google.com/file/d/1ISqeZpkxpcAlGbOx6nWZDv6ed9tURIFn/view?usp=drivesdk,https://drive.google.com/uc?export=view&id=1ISqeZpkxpcAlGbOx6nWZDv6ed9tURIFn,02 TIX 042.png,https://drive.google.com/file/d/1gKB9kQ-IbH_eqfKl08EYeaj2JLnBY7nB/view?usp=drivesdk,https://drive.google.com/uc?export=view&id=1gKB9kQ-IbH_eqfKl08EYeaj2JLnBY7nB,Self Destruct 042.png,https://drive.google.com/file/d/1-o-ZZFx98LbnAS-DfNL86zwXRm2CwNx6/view?usp=drivesdk,https://drive.google.com/uc?export=view&id=1-o-ZZFx98LbnAS-DfNL86zwXRm2CwNx6,,,,,,,,,,,,
01 PSO 043.png,https://drive.google.com/file/d/12z9dwrFbKq1Vf4KZuNMeCdYzCFVWaCZW/view?usp=drivesdk,https://drive.google.com/uc?export=view&id=12z9dwrFbKq1Vf4KZuNMeCdYzCFVWaCZW,02 TIX 043.png,https://drive.google.com/file/d/1cusLoIO3emFuvvg_BTCeuLAi8q6XhKLZ/view?usp=drivesdk,https://drive.google.com/uc?export=view&id=1cusLoIO3emFuvvg_BTCeuLAi8q6XhKLZ,Self Destruct 043.png,https://drive.google.com/file/d/1J-b-Kus9anrlydzBk7pLIDYwJMKLmnQc/view?usp=drivesdk,https://drive.google.com/uc?export=view&id=1J-b-Kus9anrlydzBk7pLIDYwJMKLmnQc,,,,,,,,,,,,
01 PSO 044.png,https://drive.google.com/file/d/149XBfNtzTwJBeaQVjeojXExFv-kOj2NZ/view?usp=drivesdk,https://drive.google.com/uc?export=view&id=149XBfNtzTwJBeaQVjeojXExFv-kOj2NZ,02 TIX 044.png,https://drive.google.com/file/d/1GFffCgS5v4H_qna44rHaVSNsoLifm_M3/view?usp=drivesdk,https://drive.google.com/uc?export=view&id=1GFffCgS5v4H_qna44rHaVSNsoLifm_M3,Self Destruct 044.png,https://drive.google.com/file/d/1v4jgrNFOoA9YQLIR97vUN8ltkFeCzlmS/view?usp=drivesdk,https://drive.google.com/uc?export=view&id=1v4jgrNFOoA9YQLIR97vUN8ltkFeCzlmS,,,,,,,,,,,,
01 PSO 045.png,https://drive.google.com/file/d/1jSw-9eVyzrHhW4Mw6xQ2Ex4LRuYD6_Va/view?usp=drivesdk,https://drive.google.com/uc?export=view&id=1jSw-9eVyzrHhW4Mw6xQ2Ex4LRuYD6_Va,02 TIX 045.png,https://drive.google.com/file/d/1IQRjC0AM6FDNjZnSF--kwGH7UZD-LWMC/view?usp=drivesdk,https://drive.google.com/uc?export=view&id=1IQRjC0AM6FDNjZnSF--kwGH7UZD-LWMC,Self Destruct 045.png,https://drive.google.com/file/d/1GsjQ3eTElcoNeHUGMONJKchXmCOhv_IN/view?usp=drivesdk,https://drive.google.com/uc?export=view&id=1GsjQ3eTElcoNeHUGMONJKchXmCOhv_IN,,,,,,,,,,,,
01 PSO 046.png,https://drive.google.com/file/d/1wTXfwLbNt2cHI4OAjj6ATUKFCUS74RqH/view?usp=drivesdk,https://drive.google.com/uc?export=view&id=1wTXfwLbNt2cHI4OAjj6ATUKFCUS74RqH,02 TIX 046.png,https://drive.google.com/file/d/1-HyiyrqaDKTfL6dnO8Oi3Kslfuh02RUU/view?usp=drivesdk,https://drive.google.com/uc?export=view&id=1-HyiyrqaDKTfL6dnO8Oi3Kslfuh02RUU,Self Destruct 046.png,https://drive.google.com/file/d/1tSeGMYbnHDjjDeE92SDW2xan27iG6M5N/view?usp=drivesdk,https://drive.google.com/uc?export=view&id=1tSeGMYbnHDjjDeE92SDW2xan27iG6M5N,,,,,,,,,,,,
01 PSO 047.png,https://drive.google.com/file/d/1BmyzV-IRzglDkZfNIpAPe24-6H0Npb6D/view?usp=drivesdk,https://drive.google.com/uc?export=view&id=1BmyzV-IRzglDkZfNIpAPe24-6H0Npb6D,02 TIX 047.png,https://drive.google.com/file/d/1-RRzmUYM1H5sXRms_WvAOODdJnjGa76B/view?usp=drivesdk,https://drive.google.com/uc?export=view&id=1-RRzmUYM1H5sXRms_WvAOODdJnjGa76B,Self Destruct 047.png,https://drive.google.com/file/d/1M5kuxogrUziet95mmO8F7OQNVmrgPYNO/view?usp=drivesdk,https://drive.google.com/uc?export=view&id=1M5kuxogrUziet95mmO8F7OQNVmrgPYNO,,,,,,,,,,,,
01 PSO 048.png,https://drive.google.com/file/d/1nzJjVJkOB_I8-ayd6HPvuQXNCGQNTvSi/view?usp=drivesdk,https://drive.google.com/uc?export=view&id=1nzJjVJkOB_I8-ayd6HPvuQXNCGQNTvSi,02 TIX 048.png,https://drive.google.com/file/d/1-d7u9LSwKhO42OrNQ437Y9DHMv8FMGxi/view?usp=drivesdk,https://drive.google.com/uc?export=view&id=1-d7u9LSwKhO42OrNQ437Y9DHMv8FMGxi,Self Destruct 048.png,https://drive.google.com/file/d/1aV0uu553hugRm_wLgpJizZTi1lVfDcN_/view?usp=drivesdk,https://drive.google.com/uc?export=view&id=1aV0uu553hugRm_wLgpJizZTi1lVfDcN_,,,,,,,,,,,,
01 PSO 049.png,https://drive.google.com/file/d/1AHC3xkx0X21nB8o1mDg9_4u_SuFxhNMA/view?usp=drivesdk,https://drive.google.com/uc?export=view&id=1AHC3xkx0X21nB8o1mDg9_4u_SuFxhNMA,,,,Self Destruct 049.png,https://drive.google.com/file/d/1RKj0ca-aVvGDm_3lLKNL-ter_xcOKL_H/view?usp=drivesdk,https://drive.google.com/uc?export=view&id=1RKj0ca-aVvGDm_3lLKNL-ter_xcOKL_H,,,,,,,,,,,,
01 PSO 050.png,https://drive.google.com/file/d/1QqNu8Wen36VhlKWBPna4JzLnjS9NTbOA/view?usp=drivesdk,https://drive.google.com/uc?export=view&id=1QqNu8Wen36VhlKWBPna4JzLnjS9NTbOA,,,,Self Destruct 050.png,https://drive.google.com/file/d/1DLj7nGsQC72__8APnNuthHF83yAopDK-/view?usp=drivesdk,https://drive.google.com/uc?export=view&id=1DLj7nGsQC72__8APnNuthHF83yAopDK-,,,,,,,,,,,,
01 PSO 051.png,https://drive.google.com/file/d/1f0gRGWW7DNqd_gd4vk9fH-eUAtyP0L0M/view?usp=drivesdk,https://drive.google.com/uc?export=view&id=1f0gRGWW7DNqd_gd4vk9fH-eUAtyP0L0M,,,,Self Destruct 051.png,https://drive.google.com/file/d/1tuDSx7g1ibK-8OO4aTmisda_MHoUiDsS/view?usp=drivesdk,https://drive.google.com/uc?export=view&id=1tuDSx7g1ibK-8OO4aTmisda_MHoUiDsS,,,,,,,,,,,,
01 PSO 052.png,https://drive.google.com/file/d/1za1iEpNLZZbgE-KzqfuWjivdJrhfqzxz/view?usp=drivesdk,https://drive.google.com/uc?export=view&id=1za1iEpNLZZbgE-KzqfuWjivdJrhfqzxz,,,,Self Destruct 052.png,https://drive.google.com/file/d/1P8IPbMhFYj9O4ql4oTu2Sbhk2xyB7u_C/view?usp=drivesdk,https://drive.google.com/uc?export=view&id=1P8IPbMhFYj9O4ql4oTu2Sbhk2xyB7u_C,,,,,,,,,,,,
01 PSO 053.png,https://drive.google.com/file/d/1bI2nd1XRXv84QlkQE2l_JlXQQoTZ57yt/view?usp=drivesdk,https://drive.google.com/uc?export=view&id=1bI2nd1XRXv84QlkQE2l_JlXQQoTZ57yt,,,,Self Destruct 053.png,https://drive.google.com/file/d/1ITbCXmMv607xRXYMROwe1CtEKdwICgGG/view?usp=drivesdk,https://drive.google.com/uc?export=view&id=1ITbCXmMv607xRXYMROwe1CtEKdwICgGG,,,,,,,,,,,,
01 PSO 054.png,https://drive.google.com/file/d/1mrFzn5CHpgFzOOk4GkaHykm1Ym-6jbvt/view?usp=drivesdk,https://drive.google.com/uc?export=view&id=1mrFzn5CHpgFzOOk4GkaHykm1Ym-6jbvt,,,,Self Destruct 054.png,https://drive.google.com/file/d/1ZZ3Nz4fRn7wO47C89KvXqCQTvkrPYaJa/view?usp=drivesdk,https://drive.google.com/uc?export=view&id=1ZZ3Nz4fRn7wO47C89KvXqCQTvkrPYaJa,,,,,,,,,,,,
01 PSO 055.png,https://drive.google.com/file/d/1oXyHf-9t4gfGdIc4k-NOg0d-MQhNC5YW/view?usp=drivesdk,https://drive.google.com/uc?export=view&id=1oXyHf-9t4gfGdIc4k-NOg0d-MQhNC5YW,,,,Self Destruct 055.png,https://drive.google.com/file/d/1Ri99cI33tI8p5pwxWJI4miK5pUI8VVBB/view?usp=drivesdk,https://drive.google.com/uc?export=view&id=1Ri99cI33tI8p5pwxWJI4miK5pUI8VVBB,,,,,,,,,,,,
01 PSO 056.png,https://drive.google.com/file/d/1-m30AiOFYrkPjW5lKOKFS4FYltQQuDI5/view?usp=drivesdk,https://drive.google.com/uc?export=view&id=1-m30AiOFYrkPjW5lKOKFS4FYltQQuDI5,,,,Self Destruct 056.png,https://drive.google.com/file/d/1a1hB7AojXSvc6OS1PuJYHUKIDkpboWfv/view?usp=drivesdk,https://drive.google.com/uc?export=view&id=1a1hB7AojXSvc6OS1PuJYHUKIDkpboWfv,,,,,,,,,,,,
01 PSO 057.png,https://drive.google.com/file/d/1X0wIg7RHNmuU8CUH0nN1Nzv_EJNHuI-9/view?usp=drivesdk,https://drive.google.com/uc?export=view&id=1X0wIg7RHNmuU8CUH0nN1Nzv_EJNHuI-9,,,,Self Destruct 057.png,https://drive.google.com/file/d/1lJ1PxYb0pu45QJDFDteltMqYZXzwFtm3/view?usp=drivesdk,https://drive.google.com/uc?export=view&id=1lJ1PxYb0pu45QJDFDteltMqYZXzwFtm3,,,,,,,,,,,,
01 PSO 058.png,https://drive.google.com/file/d/1NJOuS5EHokSQao-OQiO5tvdSl7nZfNkF/view?usp=drivesdk,https://drive.google.com/uc?export=view&id=1NJOuS5EHokSQao-OQiO5tvdSl7nZfNkF,,,,Self Destruct 058.png,https://drive.google.com/file/d/1ckKozIG7MDwimQk_hqYu9rs1rXmJE1SA/view?usp=drivesdk,https://drive.google.com/uc?export=view&id=1ckKozIG7MDwimQk_hqYu9rs1rXmJE1SA,,,,,,,,,,,,
01 PSO 059.png,https://drive.google.com/file/d/1WouUoF_FcKxmjLtW5Rg08f3-F5iCpaIK/view?usp=drivesdk,https://drive.google.com/uc?export=view&id=1WouUoF_FcKxmjLtW5Rg08f3-F5iCpaIK,,,,Self Destruct 059.png,https://drive.google.com/file/d/1AOtYtraOaTSzd02i6jc0fScNFIX7vYPI/view?usp=drivesdk,https://drive.google.com/uc?export=view&id=1AOtYtraOaTSzd02i6jc0fScNFIX7vYPI,,,,,,,,,,,,
01 PSO 060.png,https://drive.google.com/file/d/1XKiHlk0OKW2jItJFWjFMMIz6jjp83rif/view?usp=drivesdk,https://drive.google.com/uc?export=view&id=1XKiHlk0OKW2jItJFWjFMMIz6jjp83rif,,,,Self Destruct 060.png,https://drive.google.com/file/d/1h-rE_YRgKUAr1gFSpbinVNRnrObKwpSj/view?usp=drivesdk,https://drive.google.com/uc?export=view&id=1h-rE_YRgKUAr1gFSpbinVNRnrObKwpSj,,,,,,,,,,,,
01 PSO 061.png,https://drive.google.com/file/d/1m4o_r8hx51plyutS5oy4GiUq_YG0umQZ/view?usp=drivesdk,https://drive.google.com/uc?export=view&id=1m4o_r8hx51plyutS5oy4GiUq_YG0umQZ,,,,Self Destruct 061.png,https://drive.google.com/file/d/15iRdvKs_leRB09xYCJlWuEdTBMl8Nv5M/view?usp=drivesdk,https://drive.google.com/uc?export=view&id=15iRdvKs_leRB09xYCJlWuEdTBMl8Nv5M,,,,,,,,,,,,
01 PSO 062.png,https://drive.google.com/file/d/1dLctFvJ2KYWXoq6VgYi5Tb1qTgXyb7Qz/view?usp=drivesdk,https://drive.google.com/uc?export=view&id=1dLctFvJ2KYWXoq6VgYi5Tb1qTgXyb7Qz,,,,Self Destruct 062.png,https://drive.google.com/file/d/1r3L_EkSwcEzQG-wZ5dWJc5PSWtd5eEkm/view?usp=drivesdk,https://drive.google.com/uc?export=view&id=1r3L_EkSwcEzQG-wZ5dWJc5PSWtd5eEkm,,,,,,,,,,,,
01 PSO 063.png,https://drive.google.com/file/d/1QPaSvF_As4Suw7WFs0DvcydjrX_i9hFT/view?usp=drivesdk,https://drive.google.com/uc?export=view&id=1QPaSvF_As4Suw7WFs0DvcydjrX_i9hFT,,,,Self Destruct 063.png,https://drive.google.com/file/d/1qahyLnO6GxZd38CLOoMFqDWfJ5k84kSw/view?usp=drivesdk,https://drive.google.com/uc?export=view&id=1qahyLnO6GxZd38CLOoMFqDWfJ5k84kSw,,,,,,,,,,,,
01 PSO 064.png,https://drive.google.com/file/d/1hQ9VnQzLe1Cb2i3rPbil6hQxopt2bqmW/view?usp=drivesdk,https://drive.google.com/uc?export=view&id=1hQ9VnQzLe1Cb2i3rPbil6hQxopt2bqmW,,,,Self Destruct 064.png,https://drive.google.com/file/d/1w8NI1V-nMc9YKj_3v4dCsTAvdhKMYWwD/view?usp=drivesdk,https://drive.google.com/uc?export=view&id=1w8NI1V-nMc9YKj_3v4dCsTAvdhKMYWwD,,,,,,,,,,,,
01 PSO 065.png,https://drive.google.com/file/d/1duNcCwVLfiVQjfigOBD0XgIncDuM-qkb/view?usp=drivesdk,https://drive.google.com/uc?export=view&id=1duNcCwVLfiVQjfigOBD0XgIncDuM-qkb,,,,Self Destruct 065.png,https://drive.google.com/file/d/167mn4UgxhoKTyOu9q1E8qmbet8Lpribz/view?usp=drivesdk,https://drive.google.com/uc?export=view&id=167mn4UgxhoKTyOu9q1E8qmbet8Lpribz,,,,,,,,,,,,
01 PSO 066.png,https://drive.google.com/file/d/1h2HS1GX4P6yrDF1-vDAx_y0moDqyAQzV/view?usp=drivesdk,https://drive.google.com/uc?export=view&id=1h2HS1GX4P6yrDF1-vDAx_y0moDqyAQzV,,,,Self Destruct 066.png,https://drive.google.com/file/d/1v1ASKLY38b-EcuIM-xGyIHeLV0XHXh_e/view?usp=drivesdk,https://drive.google.com/uc?export=view&id=1v1ASKLY38b-EcuIM-xGyIHeLV0XHXh_e,,,,,,,,,,,,
01 PSO 067.png,https://drive.google.com/file/d/1wIYm4Yc4-1zbfLWQalbjJAGjUecjA62d/view?usp=drivesdk,https://drive.google.com/uc?export=view&id=1wIYm4Yc4-1zbfLWQalbjJAGjUecjA62d,,,,,,,,,,,,,,,,,,
01 PSO 068.png,https://drive.google.com/file/d/1df5VaQkX4UQB0mIInuMoSkNB0F7OQwhq/view?usp=drivesdk,https://drive.google.com/uc?export=view&id=1df5VaQkX4UQB0mIInuMoSkNB0F7OQwhq,,,,,,,,,,,,,,,,,,
01 PSO 069.png,https://drive.google.com/file/d/13dalKqaTqDoaMu5kwJN7LGIU2GE2vzxw/view?usp=drivesdk,https://drive.google.com/uc?export=view&id=13dalKqaTqDoaMu5kwJN7LGIU2GE2vzxw,,,,,,,,,,,,,,,,,,
01 PSO 070.png,https://drive.google.com/file/d/1rCDXTrRjYEaUaZgJZUHkWx2B2YNsxVYB/view?usp=drivesdk,https://drive.google.com/uc?export=view&id=1rCDXTrRjYEaUaZgJZUHkWx2B2YNsxVYB,,,,,,,,,,,,,,,,,,
01 PSO 071.png,https://drive.google.com/file/d/15PnU8AdsDl2IHJXECMeY1uRo1Ekx97sm/view?usp=drivesdk,https://drive.google.com/uc?export=view&id=15PnU8AdsDl2IHJXECMeY1uRo1Ekx97sm,,,,,,,,,,,,,,,,,,
01 PSO 072.png,https://drive.google.com/file/d/1ujVtkyi7Fm_lVajPGHEkHSgw2ODgzQ6C/view?usp=drivesdk,https://drive.google.com/uc?export=view&id=1ujVtkyi7Fm_lVajPGHEkHSgw2ODgzQ6C,,,,,,,,,,,,,,,,,,
01 PSO 073.png,https://drive.google.com/file/d/1kZH_qASRF2G75e-beTFKypFZuYMfpNqH/view?usp=drivesdk,https://drive.google.com/uc?export=view&id=1kZH_qASRF2G75e-beTFKypFZuYMfpNqH,,,,,,,,,,,,,,,,,,
01 PSO 074.png,https://drive.google.com/file/d/1kiTj3omAOwzOqVL9otFdxQUDI2amFDRL/view?usp=drivesdk,https://drive.google.com/uc?export=view&id=1kiTj3omAOwzOqVL9otFdxQUDI2amFDRL,,,,,,,,,,,,,,,,,,
01 PSO 075.png,https://drive.google.com/file/d/1NG4K_q22gnSX6L7t91oSkG0hzyc4V1rp/view?usp=drivesdk,https://drive.google.com/uc?export=view&id=1NG4K_q22gnSX6L7t91oSkG0hzyc4V1rp,,,,,,,,,,,,,,,,,,
01 PSO 076.png,https://drive.google.com/file/d/1W_q3-NEBoKxkBhKM5VAWb9f0E1LNEUti/view?usp=drivesdk,https://drive.google.com/uc?export=view&id=1W_q3-NEBoKxkBhKM5VAWb9f0E1LNEUti,,,,,,,,,,,,,,,,,,
01 PSO 077.png,https://drive.google.com/file/d/13ZIzJiGXjZC3OdwqurogFMTK-W5bdUJ2/view?usp=drivesdk,https://drive.google.com/uc?export=view&id=13ZIzJiGXjZC3OdwqurogFMTK-W5bdUJ2,,,,,,,,,,,,,,,,,,
01 PSO 078.png,https://drive.google.com/file/d/1nfA91VtvvtPSNkzYsVtvC-6n-699ekN6/view?usp=drivesdk,https://drive.google.com/uc?export=view&id=1nfA91VtvvtPSNkzYsVtvC-6n-699ekN6,,,,,,,,,,,,,,,,,,
01 PSO 079.png,https://drive.google.com/file/d/1SQnXij1RERa4uHGyyzmuDG1z9Lq2aWQ2/view?usp=drivesdk,https://drive.google.com/uc?export=view&id=1SQnXij1RERa4uHGyyzmuDG1z9Lq2aWQ2,,,,,,,,,,,,,,,,,,
01 PSO 080.png,https://drive.google.com/file/d/1s5FgcI2IQFRfxcajnizyoEfCYUZeXArt/view?usp=drivesdk,https://drive.google.com/uc?export=view&id=1s5FgcI2IQFRfxcajnizyoEfCYUZeXArt,,,,,,,,,,,,,,,,,,
01 PSO 081.png,https://drive.google.com/file/d/1EJvXqNosZRKuxtRyK0WcPBeu-NFUY-8J/view?usp=drivesdk,https://drive.google.com/uc?export=view&id=1EJvXqNosZRKuxtRyK0WcPBeu-NFUY-8J,,,,,,,,,,,,,,,,,,
01 PSO 082.png,https://drive.google.com/file/d/1VlRIjIhbOYaWCmx_u3wfgqg1h7hQXlQd/view?usp=drivesdk,https://drive.google.com/uc?export=view&id=1VlRIjIhbOYaWCmx_u3wfgqg1h7hQXlQd,,,,,,,,,,,,,,,,,,
01 PSO 083.png,https://drive.google.com/file/d/17x_N_RTfSXrMR4uylO9Ggl08WxRTYekK/view?usp=drivesdk,https://drive.google.com/uc?export=view&id=17x_N_RTfSXrMR4uylO9Ggl08WxRTYekK,,,,,,,,,,,,,,,,,,
01 PSO 084.png,https://drive.google.com/file/d/1w0zdZLu_-7Y6fUkIi1PW2Ka353q7fekU/view?usp=drivesdk,https://drive.google.com/uc?export=view&id=1w0zdZLu_-7Y6fUkIi1PW2Ka353q7fekU,,,,,,,,,,,,,,,,,,
01 PSO 085.png,https://drive.google.com/file/d/1mBpelwFs85hrzceYx40JZGhXaOEs4j9H/view?usp=drivesdk,https://drive.google.com/uc?export=view&id=1mBpelwFs85hrzceYx40JZGhXaOEs4j9H,,,,,,,,,,,,,,,,,,
01 PSO 086.png,https://drive.google.com/file/d/1nZbX8np8P61RIJuNaDZpJOlyGQqDLgCF/view?usp=drivesdk,https://drive.google.com/uc?export=view&id=1nZbX8np8P61RIJuNaDZpJOlyGQqDLgCF,,,,,,,,,,,,,,,,,,
01 PSO 087.png,https://drive.google.com/file/d/1iYFuA7TPOVPeFsQDhzOKPiDmOOk8IgFz/view?usp=drivesdk,https://drive.google.com/uc?export=view&id=1iYFuA7TPOVPeFsQDhzOKPiDmOOk8IgFz,,,,,,,,,,,,,,,,,,
01 PSO 088.png,https://drive.google.com/file/d/1VEWdqYVhifNDsfIQBdE5Xaa82hFRd-6r/view?usp=drivesdk,https://drive.google.com/uc?export=view&id=1VEWdqYVhifNDsfIQBdE5Xaa82hFRd-6r,,,,,,,,,,,,,,,,,,
01 PSO 089.png,https://drive.google.com/file/d/1fo1m0MZPruaZef2r5G_eciklcrwSEpGx/view?usp=drivesdk,https://drive.google.com/uc?export=view&id=1fo1m0MZPruaZef2r5G_eciklcrwSEpGx,,,,,,,,,,,,,,,,,,
01 PSO 090.png,https://drive.google.com/file/d/1_1aogjS_yN_XGI9ZL20Zykdu92u2TjMn/view?usp=drivesdk,https://drive.google.com/uc?export=view&id=1_1aogjS_yN_XGI9ZL20Zykdu92u2TjMn,,,,,,,,,,,,,,,,,,
01 PSO 091.png,https://drive.google.com/file/d/1hal5nF-jvxOwTuZxs4hz6ZcAd-z1cQS9/view?usp=drivesdk,https://drive.google.com/uc?export=view&id=1hal5nF-jvxOwTuZxs4hz6ZcAd-z1cQS9,,,,,,,,,,,,,,,,,,
01 PSO 092.png,https://drive.google.com/file/d/1HohdI7H2PbZjFRr0WviAT4ptXM4GbkDe/view?usp=drivesdk,https://drive.google.com/uc?export=view&id=1HohdI7H2PbZjFRr0WviAT4ptXM4GbkDe,,,,,,,,,,,,,,,,,,
01 PSO 093.png,https://drive.google.com/file/d/1GubN7vi_DUXWF_O5_aJwxfGL6Z77AhAo/view?usp=drivesdk,https://drive.google.com/uc?export=view&id=1GubN7vi_DUXWF_O5_aJwxfGL6Z77AhAo,,,,,,,,,,,,,,,,,,
01 PSO 094.png,https://drive.google.com/file/d/1e1Gl3G9R484dD2N45H6fAxLBhY_sjXMz/view?usp=drivesdk,https://drive.google.com/uc?export=view&id=1e1Gl3G9R484dD2N45H6fAxLBhY_sjXMz,,,,,,,,,,,,,,,,,,
01 PSO 095.png,https://drive.google.com/file/d/12bjkbE3HIu7fEXQeflbIQqQTLw4-0e3i/view?usp=drivesdk,https://drive.google.com/uc?export=view&id=12bjkbE3HIu7fEXQeflbIQqQTLw4-0e3i,,,,,,,,,,,,,,,,,,
01 PSO 096.png,https://drive.google.com/file/d/1d6ss9ZLXzINNQ4-npZpQh3qMO29bHrNd/view?usp=drivesdk,https://drive.google.com/uc?export=view&id=1d6ss9ZLXzINNQ4-npZpQh3qMO29bHrNd,,,,,,,,,,,,,,,,,,
01 PSO 097.png,https://drive.google.com/file/d/1O3GbGExCvTqJS6LUEKsvVWlBNd_xlmg3/view?usp=drivesdk,https://drive.google.com/uc?export=view&id=1O3GbGExCvTqJS6LUEKsvVWlBNd_xlmg3,,,,,,,,,,,,,,,,,,
01 PSO 098.png,https://drive.google.com/file/d/1PtSIVO0IwG2EcGdqo2R6Y83vYciIlbIK/view?usp=drivesdk,https://drive.google.com/uc?export=view&id=1PtSIVO0IwG2EcGdqo2R6Y83vYciIlbIK,,,,,,,,,,,,,,,,,,
01 PSO 099.png,https://drive.google.com/file/d/1tLVjcjOoJ-5Gt714200HxaywJItefT7P/view?usp=drivesdk,https://drive.google.com/uc?export=view&id=1tLVjcjOoJ-5Gt714200HxaywJItefT7P,,,,,,,,,,,,,,,,,,
01 PSO 100.png,https://drive.google.com/file/d/1Vq2C6xitTsrVT3aJeIFxL2dO-dUlHnhi/view?usp=drivesdk,https://drive.google.com/uc?export=view&id=1Vq2C6xitTsrVT3aJeIFxL2dO-dUlHnhi,,,,,,,,,,,,,,,,,,
01 PSO 101.png,https://drive.google.com/file/d/1gNyiD88KOoCk9-BdB_bHnzOiuTu0K4ao/view?usp=drivesdk,https://drive.google.com/uc?export=view&id=1gNyiD88KOoCk9-BdB_bHnzOiuTu0K4ao,,,,,,,,,,,,,,,,,,
01 PSO 102.png,https://drive.google.com/file/d/1NPK5YzddXZFG-wFtCvgHoeV-e5nqCUED/view?usp=drivesdk,https://drive.google.com/uc?export=view&id=1NPK5YzddXZFG-wFtCvgHoeV-e5nqCUED,,,,,,,,,,,,,,,,,,
01 PSO 103.png,https://drive.google.com/file/d/1o4qIS_32EsERZW-23P-a8QBY96c9BLmD/view?usp=drivesdk,https://drive.google.com/uc?export=view&id=1o4qIS_32EsERZW-23P-a8QBY96c9BLmD,,,,,,,,,,,,,,,,,,
01 PSO 104.png,https://drive.google.com/file/d/1YAGJjK5elccKqe2tY18rs6mWvcxgEer5/view?usp=drivesdk,https://drive.google.com/uc?export=view&id=1YAGJjK5elccKqe2tY18rs6mWvcxgEer5,,,,,,,,,,,,,,,,,,
01 PSO 105.png,https://drive.google.com/file/d/1b1FKwTMYhxOSPKPNcVNXjBqTyzBW0KJz/view?usp=drivesdk,https://drive.google.com/uc?export=view&id=1b1FKwTMYhxOSPKPNcVNXjBqTyzBW0KJz,,,,,,,,,,,,,,,,,,
01 PSO 106.png,https://drive.google.com/file/d/1sNBRdauYJzDYbi43ZHzLEUBstdCJjk8c/view?usp=drivesdk,https://drive.google.com/uc?export=view&id=1sNBRdauYJzDYbi43ZHzLEUBstdCJjk8c,,,,,,,,,,,,,,,,,,
01 PSO 107.png,https://drive.google.com/file/d/14kkeqGe7kSS-fbKjZuKuI4z5fMW1NLQt/view?usp=drivesdk,https://drive.google.com/uc?export=view&id=14kkeqGe7kSS-fbKjZuKuI4z5fMW1NLQt,,,,,,,,,,,,,,,,,,
01 PSO 108.png,https://drive.google.com/file/d/1WKMNU_CGPWVz_t7t4SUp2y12_w4_SSIg/view?usp=drivesdk,https://drive.google.com/uc?export=view&id=1WKMNU_CGPWVz_t7t4SUp2y12_w4_SSIg,,,,,,,,,,,,,,,,,,
01 PSO 109.png,https://drive.google.com/file/d/1EArjB-OksdV7KrqPFiBwoVrrkOIwbgSe/view?usp=drivesdk,https://drive.google.com/uc?export=view&id=1EArjB-OksdV7KrqPFiBwoVrrkOIwbgSe,,,,,,,,,,,,,,,,,,
01 PSO 110.png,https://drive.google.com/file/d/1xsKpqHdZV3M1J4ufGUbORrttBJdhY3Re/view?usp=drivesdk,https://drive.google.com/uc?export=view&id=1xsKpqHdZV3M1J4ufGUbORrttBJdhY3Re,,,,,,,,,,,,,,,,,,
01 PSO 111.png,https://drive.google.com/file/d/13n6u3PomxKxEKSW43KhAsZtEE9ZxNjYg/view?usp=drivesdk,https://drive.google.com/uc?export=view&id=13n6u3PomxKxEKSW43KhAsZtEE9ZxNjYg,,,,,,,,,,,,,,,,,,
01 PSO 112.png,https://drive.google.com/file/d/1FuPIe-9j8mETIN2NqyPp0CtRM20WIM8Z/view?usp=drivesdk,https://drive.google.com/uc?export=view&id=1FuPIe-9j8mETIN2NqyPp0CtRM20WIM8Z,,,,,,,,,,,,,,,,,,
01 PSO 113.png,https://drive.google.com/file/d/1C20IyzWR6DJhKxDjaC9bs6b4ONrZFsBN/view?usp=drivesdk,https://drive.google.com/uc?export=view&id=1C20IyzWR6DJhKxDjaC9bs6b4ONrZFsBN,,,,,,,,,,,,,,,,,,
01 PSO 114.png,https://drive.google.com/file/d/1YQPZerLqQ-amR8opwqBKKYI47kdtaUnB/view?usp=drivesdk,https://drive.google.com/uc?export=view&id=1YQPZerLqQ-amR8opwqBKKYI47kdtaUnB,,,,,,,,,,,,,,,,,,
01 PSO 115.png,https://drive.google.com/file/d/1NQWp2hG0nBanZHxM-_hWcdo0BkR2SQYJ/view?usp=drivesdk,https://drive.google.com/uc?export=view&id=1NQWp2hG0nBanZHxM-_hWcdo0BkR2SQYJ,,,,,,,,,,,,,,,,,,
01 PSO 116.png,https://drive.google.com/file/d/1D3p8JkjdBknAbfqgAbxBEUjw0o1AW4tr/view?usp=drivesdk,https://drive.google.com/uc?export=view&id=1D3p8JkjdBknAbfqgAbxBEUjw0o1AW4tr,,,,,,,,,,,,,,,,,,
01 PSO 117.png,https://drive.google.com/file/d/1qM4IPonZtv_uERleVuob300deC35qPYG/view?usp=drivesdk,https://drive.google.com/uc?export=view&id=1qM4IPonZtv_uERleVuob300deC35qPYG,,,,,,,,,,,,,,,,,,
01 PSO 118.png,https://drive.google.com/file/d/1ZGuwg2QFXth4T7wAu8pY7omnB8xsgXX9/view?usp=drivesdk,https://drive.google.com/uc?export=view&id=1ZGuwg2QFXth4T7wAu8pY7omnB8xsgXX9,,,,,,,,,,,,,,,,,,
01 PSO 119.png,https://drive.google.com/file/d/1OFhxa5bxauE2UhzxI0C073CHCwaf-5Qc/view?usp=drivesdk,https://drive.google.com/uc?export=view&id=1OFhxa5bxauE2UhzxI0C073CHCwaf-5Qc,,,,,,,,,,,,,,,,,,
01 PSO 120.png,https://drive.google.com/file/d/1e7VV1Q8VYBnn0ioVwxzDQZcxyNwqJmjP/view?usp=drivesdk,https://drive.google.com/uc?export=view&id=1e7VV1Q8VYBnn0ioVwxzDQZcxyNwqJmjP,,,,,,,,,,,,,,,,,,
01 PSO 121.png,https://drive.google.com/file/d/1kM4w57TyuSQ4qSYsj1g6Z2KQz5oRYF4x/view?usp=drivesdk,https://drive.google.com/uc?export=view&id=1kM4w57TyuSQ4qSYsj1g6Z2KQz5oRYF4x,,,,,,,,,,,,,,,,,,
01 PSO 122.png,https://drive.google.com/file/d/1eUii5Ounq1YutP4QxH5T3NgrIejzXy9W/view?usp=drivesdk,https://drive.google.com/uc?export=view&id=1eUii5Ounq1YutP4QxH5T3NgrIejzXy9W,,,,,,,,,,,,,,,,,,
01 PSO 123.png,https://drive.google.com/file/d/190cXWz-6FceNs5rxWvNjSYEMMxb1TNYY/view?usp=drivesdk,https://drive.google.com/uc?export=view&id=190cXWz-6FceNs5rxWvNjSYEMMxb1TNYY,,,,,,,,,,,,,,,,,,
01 PSO 124.png,https://drive.google.com/file/d/1pEXcnVqHuaHdd2-Xk5lAKlI77cuPxXYj/view?usp=drivesdk,https://drive.google.com/uc?export=view&id=1pEXcnVqHuaHdd2-Xk5lAKlI77cuPxXYj,,,,,,,,,,,,,,,,,,
01 PSO 125.png,https://drive.google.com/file/d/1RA_F9ZLiE1fBKiPagswcbQeduXk2R2SN/view?usp=drivesdk,https://drive.google.com/uc?export=view&id=1RA_F9ZLiE1fBKiPagswcbQeduXk2R2SN,,,,,,,,,,,,,,,,,,
01 PSO 126.png,https://drive.google.com/file/d/1kYekTtGYE8e3LcXzDrWozEN_YO7xjneJ/view?usp=drivesdk,https://drive.google.com/uc?export=view&id=1kYekTtGYE8e3LcXzDrWozEN_YO7xjneJ,,,,,,,,,,,,,,,,,,
01 PSO 127.png,https://drive.google.com/file/d/1LegXTurYvYRRL8OEd8tRAQzq_nzU8zwC/view?usp=drivesdk,https://drive.google.com/uc?export=view&id=1LegXTurYvYRRL8OEd8tRAQzq_nzU8zwC,,,,,,,,,,,,,,,,,,
01 PSO 128.png,https://drive.google.com/file/d/1pd-FpwxofsGjIn3Km_tkXceJHknJzZdL/view?usp=drivesdk,https://drive.google.com/uc?export=view&id=1pd-FpwxofsGjIn3Km_tkXceJHknJzZdL,,,,,,,,,,,,,,,,,,
01 PSO 129.png,https://drive.google.com/file/d/14EwcGos1EnmS9qOnFfVYJuFxi25cjbiJ/view?usp=drivesdk,https://drive.google.com/uc?export=view&id=14EwcGos1EnmS9qOnFfVYJuFxi25cjbiJ,,,,,,,,,,,,,,,,,,
01 PSO 130.png,https://drive.google.com/file/d/1GdftIAGNvoYR0-_6qk3V3tno7qVhQp4R/view?usp=drivesdk,https://drive.google.com/uc?export=view&id=1GdftIAGNvoYR0-_6qk3V3tno7qVhQp4R,,,,,,,,,,,,,,,,,,
01 PSO 131.png,https://drive.google.com/file/d/1LF6Yu6mJok20o2gWwYOKIgH2XPYtuJ4u/view?usp=drivesdk,https://drive.google.com/uc?export=view&id=1LF6Yu6mJok20o2gWwYOKIgH2XPYtuJ4u,,,,,,,,,,,,,,,,,,
01 PSO 132.png,https://drive.google.com/file/d/1foi8l2rZKLN0XOVtMx0GDRQ_ixdgDGmP/view?usp=drivesdk,https://drive.google.com/uc?export=view&id=1foi8l2rZKLN0XOVtMx0GDRQ_ixdgDGmP,,,,,,,,,,,,,,,,,,
01 PSO 133.png,https://drive.google.com/file/d/1MkhPADtATYfIejymqG9wNewu3fKk03In/view?usp=drivesdk,https://drive.google.com/uc?export=view&id=1MkhPADtATYfIejymqG9wNewu3fKk03In,,,,,,,,,,,,,,,,,,
01 PSO 134.png,https://drive.google.com/file/d/1oB843c7kPkPqO4h8GW0nZdZj3QnV65iK/view?usp=drivesdk,https://drive.google.com/uc?export=view&id=1oB843c7kPkPqO4h8GW0nZdZj3QnV65iK,,,,,,,,,,,,,,,,,,
01 PSO 135.png,https://drive.google.com/file/d/1SxtPP6LTeE0wXmDcOXD0JiqGFq5Aypu3/view?usp=drivesdk,https://drive.google.com/uc?export=view&id=1SxtPP6LTeE0wXmDcOXD0JiqGFq5Aypu3,,,,,,,,,,,,,,,,,,
01 PSO 136.png,https://drive.google.com/file/d/1EFojgZICL_N8blSI_OcDtGd_UfZUr8Hp/view?usp=drivesdk,https://drive.google.com/uc?export=view&id=1EFojgZICL_N8blSI_OcDtGd_UfZUr8Hp,,,,,,,,,,,,,,,,,,
01 PSO 137.png,https://drive.google.com/file/d/1QmkDQVU9d_e09tAZPpclu2Gr9c8JegXn/view?usp=drivesdk,https://drive.google.com/uc?export=view&id=1QmkDQVU9d_e09tAZPpclu2Gr9c8JegXn,,,,,,,,,,,,,,,,,,
01 PSO 138.png,https://drive.google.com/file/d/1iRfxF-Bf6b0Dib3Wv2OhHOS5oHpc5VJ7/view?usp=drivesdk,https://drive.google.com/uc?export=view&id=1iRfxF-Bf6b0Dib3Wv2OhHOS5oHpc5VJ7,,,,,,,,,,,,,,,,,,
01 PSO 139.png,https://drive.google.com/file/d/1-BpzpykJlTUloQwuZ9Ipdu17SKLLkvct/view?usp=drivesdk,https://drive.google.com/uc?export=view&id=1-BpzpykJlTUloQwuZ9Ipdu17SKLLkvct,,,,,,,,,,,,,,,,,,
01 PSO 140.png,https://drive.google.com/file/d/1ffdHZt8XXQzIOAcsMMdaFLIVvoDPTegp/view?usp=drivesdk,https://drive.google.com/uc?export=view&id=1ffdHZt8XXQzIOAcsMMdaFLIVvoDPTegp,,,,,,,,,,,,,,,,,,
01 PSO 141.png,https://drive.google.com/file/d/1vQoW6DnKUbkDgcJWksavpnI6SlNS0GB-/view?usp=drivesdk,https://drive.google.com/uc?export=view&id=1vQoW6DnKUbkDgcJWksavpnI6SlNS0GB-,,,,,,,,,,,,,,,,,,
01 PSO 142.png,https://drive.google.com/file/d/1awUkUX0FjPgZKw38ANgg9ko96HSxGrXz/view?usp=drivesdk,https://drive.google.com/uc?export=view&id=1awUkUX0FjPgZKw38ANgg9ko96HSxGrXz,,,,,,,,,,,,,,,,,,
01 PSO 143.png,https://drive.google.com/file/d/150UnopTe3o74BFKC2wFRKOxeNe2HtgQb/view?usp=drivesdk,https://drive.google.com/uc?export=view&id=150UnopTe3o74BFKC2wFRKOxeNe2HtgQb,,,,,,,,,,,,,,,,,,
01 PSO 144.png,https://drive.google.com/file/d/1zhCDTLOgDVLj6fEmLGk74-YnZwxuivvJ/view?usp=drivesdk,https://drive.google.com/uc?export=view&id=1zhCDTLOgDVLj6fEmLGk74-YnZwxuivvJ,,,,,,,,,,,,,,,,,,
01 PSO 145.png,https://drive.google.com/file/d/1u4vfA0plMQqasrx4F7s7Iden_FucWlzU/view?usp=drivesdk,https://drive.google.com/uc?export=view&id=1u4vfA0plMQqasrx4F7s7Iden_FucWlzU,,,,,,,,,,,,,,,,,,
01 PSO 146.png,https://drive.google.com/file/d/1KB0e3MF5nMxWiIs3iCQpyNDBvvmkfAuY/view?usp=drivesdk,https://drive.google.com/uc?export=view&id=1KB0e3MF5nMxWiIs3iCQpyNDBvvmkfAuY,,,,,,,,,,,,,,,,,,
01 PSO 147.png,https://drive.google.com/file/d/1oux4pHCqe-GlUFqGHh_GkR3U6b6iudKT/view?usp=drivesdk,https://drive.google.com/uc?export=view&id=1oux4pHCqe-GlUFqGHh_GkR3U6b6iudKT,,,,,,,,,,,,,,,,,,
01 PSO 148.png,https://drive.google.com/file/d/1QQ8RQl_QVPy3KnqdaqwOPrrFRnjgTG49/view?usp=drivesdk,https://drive.google.com/uc?export=view&id=1QQ8RQl_QVPy3KnqdaqwOPrrFRnjgTG49,,,,,,,,,,,,,,,,,,
01 PSO 149.png,https://drive.google.com/file/d/1EwxvJYy2jPoWjNhJaAxvnRwvuhA8lqnp/view?usp=drivesdk,https://drive.google.com/uc?export=view&id=1EwxvJYy2jPoWjNhJaAxvnRwvuhA8lqnp,,,,,,,,,,,,,,,,,,
01 PSO 150.png,https://drive.google.com/file/d/1jQaD4r5FbP4_K7Hq2kwI-klM7WM7wYUA/view?usp=drivesdk,https://drive.google.com/uc?export=view&id=1jQaD4r5FbP4_K7Hq2kwI-klM7WM7wYUA,,,,,,,,,,,,,,,,,,
01 PSO 151.png,https://drive.google.com/file/d/1VH6BnWDGOHnKbrUEBB11AQ5ZP9YiUgdb/view?usp=drivesdk,https://drive.google.com/uc?export=view&id=1VH6BnWDGOHnKbrUEBB11AQ5ZP9YiUgdb,,,,,,,,,,,,,,,,,,
01 PSO 152.png,https://drive.google.com/file/d/1-Ei8KHO2WgH-X7mACXQFJltX91rSEXNO/view?usp=drivesdk,https://drive.google.com/uc?export=view&id=1-Ei8KHO2WgH-X7mACXQFJltX91rSEXNO,,,,,,,,,,,,,,,,,,
01 PSO 153.png,https://drive.google.com/file/d/1QuGQhU7aGKK7PA967aY_Nqcu72TpIwMK/view?usp=drivesdk,https://drive.google.com/uc?export=view&id=1QuGQhU7aGKK7PA967aY_Nqcu72TpIwMK,,,,,,,,,,,,,,,,,,
01 PSO 154.png,https://drive.google.com/file/d/1_HcEUJPcciGkq06FMZ8kEM6j8LFEr54N/view?usp=drivesdk,https://drive.google.com/uc?export=view&id=1_HcEUJPcciGkq06FMZ8kEM6j8LFEr54N,,,,,,,,,,,,,,,,,,
01 PSO 155.png,https://drive.google.com/file/d/1qv_dRAIraHF6ExLtB7rmETHVMHl8al3Z/view?usp=drivesdk,https://drive.google.com/uc?export=view&id=1qv_dRAIraHF6ExLtB7rmETHVMHl8al3Z,,,,,,,,,,,,,,,,,,
01 PSO 156.png,https://drive.google.com/file/d/1BAjyfHfv2nIKAwX8kV5Z1t8qKtGpCyhw/view?usp=drivesdk,https://drive.google.com/uc?export=view&id=1BAjyfHfv2nIKAwX8kV5Z1t8qKtGpCyhw,,,,,,,,,,,,,,,,,,
01 PSO 157.png,https://drive.google.com/file/d/1_d_z0lYdGJ7T_7wItsjepX_esGCWF1aN/view?usp=drivesdk,https://drive.google.com/uc?export=view&id=1_d_z0lYdGJ7T_7wItsjepX_esGCWF1aN,,,,,,,,,,,,,,,,,,
01 PSO 158.png,https://drive.google.com/file/d/1kR4RnWxeltJ-QsKoRgyVE1Sa9vrQnfKS/view?usp=drivesdk,https://drive.google.com/uc?export=view&id=1kR4RnWxeltJ-QsKoRgyVE1Sa9vrQnfKS,,,,,,,,,,,,,,,,,,
01 PSO 159.png,https://drive.google.com/file/d/1tmyVbVssO3PbRCjOVpGr9Z9LpvY3ONNU/view?usp=drivesdk,https://drive.google.com/uc?export=view&id=1tmyVbVssO3PbRCjOVpGr9Z9LpvY3ONNU,,,,,,,,,,,,,,,,,,
01 PSO 160.png,https://drive.google.com/file/d/1GIgNvSjLJPFPfBucDG0qp85b9C2sVXjC/view?usp=drivesdk,https://drive.google.com/uc?export=view&id=1GIgNvSjLJPFPfBucDG0qp85b9C2sVXjC,,,,,,,,,,,,,,,,,,
01 PSO 161.png,https://drive.google.com/file/d/1yolxWmHqC2DjK0eesxJ9BsyQDOa8cM-o/view?usp=drivesdk,https://drive.google.com/uc?export=view&id=1yolxWmHqC2DjK0eesxJ9BsyQDOa8cM-o,,,,,,,,,,,,,,,,,,
01 PSO 162.png,https://drive.google.com/file/d/1sCggEzSQVzBsBActgds8nBE-HzQgnjHP/view?usp=drivesdk,https://drive.google.com/uc?export=view&id=1sCggEzSQVzBsBActgds8nBE-HzQgnjHP,,,,,,,,,,,,,,,,,,
01 PSO 163.png,https://drive.google.com/file/d/1nNEJG0_lmhAENuh5vzVlYfE9xU7abKtX/view?usp=drivesdk,https://drive.google.com/uc?export=view&id=1nNEJG0_lmhAENuh5vzVlYfE9xU7abKtX,,,,,,,,,,,,,,,,,,
01 PSO 164.png,https://drive.google.com/file/d/1nB_Oo9JP_livfolFDMOXSrfvgEOkdYPf/view?usp=drivesdk,https://drive.google.com/uc?export=view&id=1nB_Oo9JP_livfolFDMOXSrfvgEOkdYPf,,,,,,,,,,,,,,,,,,
01 PSO 165.png,https://drive.google.com/file/d/1mo-wmmybA0hA8_hMA7X8OrneDFUhqXpJ/view?usp=drivesdk,https://drive.google.com/uc?export=view&id=1mo-wmmybA0hA8_hMA7X8OrneDFUhqXpJ,,,,,,,,,,,,,,,,,,
01 PSO 999 2.png,https://drive.google.com/file/d/17l39wsAMRdsHobmf-hUzWMNf3OCrXJww/view?usp=drivesdk,https://drive.google.com/uc?export=view&id=17l39wsAMRdsHobmf-hUzWMNf3OCrXJww,,,,,,,,,,,,,,,,,,